Postleitzahl,Stadt/Ort,Bundesland,Hinweis
40210,Düsseldorf,Nordrhein-Westfalen,
40211,Düsseldorf,Nordrhein-Westfalen,
40212,Düsseldorf,Nordrhein-Westfalen,
40213,Düsseldorf,Nordrhein-Westfalen,
40215,Düsseldorf,Nordrhein-Westfalen,
40217,Düsseldorf,Nordrhein-Westfalen,
40219,Düsseldorf,Nordrhein-Westfalen,
40221,Düsseldorf,Nordrhein-Westfalen,
40223,Düsseldorf,Nordrhein-Westfalen,
40225,Düsseldorf,Nordrhein-Westfalen,
40227,Düsseldorf,Nordrhein-Westfalen,
40229,Düsseldorf,Nordrhein-Westfalen,
40231,Düsseldorf,Nordrhein-Westfalen,
40233,Düsseldorf,Nordrhein-Westfalen,
40235,Düsseldorf,Nordrhein-Westfalen,
40237,Düsseldorf,Nordrhein-Westfalen,
40239,Düsseldorf,Nordrhein-Westfalen,neu (OSM: Düsseldorf)
40468,Düsseldorf,Nordrhein-Westfalen,
40470,Düsseldorf,Nordrhein-Westfalen,
40472,Düsseldorf,Nordrhein-Westfalen,
40474,Düsseldorf,Nordrhein-Westfalen,
40476,Düsseldorf,Nordrhein-Westfalen,
40477,Düsseldorf,Nordrhein-Westfalen,
40479,Düsseldorf,Nordrhein-Westfalen,
40489,Düsseldorf,Nordrhein-Westfalen,neu (OSM: Düsseldorf)
40545,Düsseldorf,Nordrhein-Westfalen,
40547,Düsseldorf,Nordrhein-Westfalen,
40549,Düsseldorf,Nordrhein-Westfalen,
40589,Düsseldorf,Nordrhein-Westfalen,
40591,Düsseldorf,Nordrhein-Westfalen,
40593,Düsseldorf,Nordrhein-Westfalen,
40595,Düsseldorf,Nordrhein-Westfalen,
40597,Düsseldorf,Nordrhein-Westfalen,
40599,Düsseldorf,Nordrhein-Westfalen,neu (OSM: Düsseldorf)
40625,Düsseldorf,Nordrhein-Westfalen,
40627,Düsseldorf,Nordrhein-Westfalen,
40629,Düsseldorf,Nordrhein-Westfalen,
40667,Meerbusch,Nordrhein-Westfalen,
40668,Meerbusch,Nordrhein-Westfalen,
40670,Meerbusch,Nordrhein-Westfalen,
40721,Hilden,Nordrhein-Westfalen,
40723,Hilden,Nordrhein-Westfalen,
40724,Hilden,Nordrhein-Westfalen,
40764,Langenfeld,Nordrhein-Westfalen,
40789,Monheim am Rhein,Nordrhein-Westfalen,
40822,Mettmann,Nordrhein-Westfalen,
40878,Ratingen,Nordrhein-Westfalen,
40880,Ratingen,Nordrhein-Westfalen,
40882,Ratingen,Nordrhein-Westfalen,
40883,Ratingen,Nordrhein-Westfalen,
40885,Ratingen,Nordrhein-Westfalen,
41061,Mönchengladbach,Nordrhein-Westfalen,
41063,Mönchengladbach,Nordrhein-Westfalen,
41065,Mönchengladbach,Nordrhein-Westfalen,
41066,Mönchengladbach,Nordrhein-Westfalen,
41068,Mönchengladbach,Nordrhein-Westfalen,
41069,Mönchengladbach,Nordrhein-Westfalen,neu (OSM: Mönchengladbach)
41169,Mönchengladbach,Nordrhein-Westfalen,
41179,Mönchengladbach,Nordrhein-Westfalen,
41189,Mönchengladbach,Nordrhein-Westfalen,
41199,Mönchengladbach,Nordrhein-Westfalen,neu (OSM: Mönchengladbach)
41236,Mönchengladbach,Nordrhein-Westfalen,neu (OSM: Mönchengladbach)
41238,Mönchengladbach,Nordrhein-Westfalen,neu (OSM: Mönchengladbach)
41239,Mönchengladbach,Nordrhein-Westfalen,neu (OSM: Mönchengladbach)
41460,Neuss,Nordrhein-Westfalen,
41462,Neuss,Nordrhein-Westfalen,
41464,Neuss,Nordrhein-Westfalen,
41466,Neuss,Nordrhein-Westfalen,
41468,Neuss,Nordrhein-Westfalen,
41469,Neuss,Nordrhein-Westfalen,
41470,Neuss,Nordrhein-Westfalen,
41472,Neuss,Nordrhein-Westfalen,
41539,Dormagen,Nordrhein-Westfalen,
41540,Dormagen,Nordrhein-Westfalen,
41541,Dormagen,Nordrhein-Westfalen,
41542,Dormagen,Nordrhein-Westfalen,
41564,Kaarst,Nordrhein-Westfalen,
42103,Wuppertal,Nordrhein-Westfalen,
42105,Wuppertal,Nordrhein-Westfalen,
42107,Wuppertal,Nordrhein-Westfalen,
42109,Wuppertal,Nordrhein-Westfalen,
42111,Wuppertal,Nordrhein-Westfalen,
42113,Wuppertal,Nordrhein-Westfalen,
42115,Wuppertal,Nordrhein-Westfalen,
42117,Wuppertal,Nordrhein-Westfalen,
42119,Wuppertal,Nordrhein-Westfalen,neu (OSM: Wuppertal)
42275,Wuppertal,Nordrhein-Westfalen,
42277,Wuppertal,Nordrhein-Westfalen,
42279,Wuppertal,Nordrhein-Westfalen,
42281,Wuppertal,Nordrhein-Westfalen,
42283,Wuppertal,Nordrhein-Westfalen,
42285,Wuppertal,Nordrhein-Westfalen,
42287,Wuppertal,Nordrhein-Westfalen,
42289,Wuppertal,Nordrhein-Westfalen,neu (OSM: Wuppertal)
42327,Wuppertal,Nordrhein-Westfalen,neu (OSM: Wuppertal)
42329,Wuppertal,Nordrhein-Westfalen,neu (OSM: Wuppertal)
42349,Wuppertal,Nordrhein-Westfalen,neu (OSM: W-Cronenberg; Wuppertal)
42369,Wuppertal,Nordrhein-Westfalen,neu (OSM: Wuppertal)
42389,Wuppertal,Nordrhein-Westfalen,neu (OSM: Wuppertal)
42399,Wuppertal,Nordrhein-Westfalen,neu (OSM: Wuppertal)
42651,Solingen,Nordrhein-Westfalen,
42653,Solingen,Nordrhein-Westfalen,
42655,Solingen,Nordrhein-Westfalen,
42657,Solingen,Nordrhein-Westfalen,
42659,Solingen,Nordrhein-Westfalen,
42697,Solingen,Nordrhein-Westfalen,
42699,Solingen,Nordrhein-Westfalen,neu (OSM: Solingen)
42719,Solingen,Nordrhein-Westfalen,neu (OSM: Solingen)
42853,Remscheid,Nordrhein-Westfalen,
42855,Remscheid,Nordrhein-Westfalen,
42857,Remscheid,Nordrhein-Westfalen,
42859,Remscheid,Nordrhein-Westfalen,
42895,Remscheid,Nordrhein-Westfalen,Sonder-PLZ (Postfach/Großkunde)
42897,Remscheid,Nordrhein-Westfalen,
42899,Remscheid,Nordrhein-Westfalen,neu (OSM: Lüttinghausen; Remscheid)
44135,Dortmund,Nordrhein-Westfalen,
44137,Dortmund,Nordrhein-Westfalen,
44139,Dortmund,Nordrhein-Westfalen,
44141,Dortmund,Nordrhein-Westfalen,
44143,Dortmund,Nordrhein-Westfalen,
44145,Dortmund,Nordrhein-Westfalen,
44147,Dortmund,Nordrhein-Westfalen,
44149,Dortmund,Nordrhein-Westfalen,"neu (OSM: DO-Dorstfeld; Dortmund, Stadtteile Dorstfeld, Oespel und Kley)"
44225,Dortmund,Nordrhein-Westfalen,
44227,Dortmund,Nordrhein-Westfalen,
44229,Dortmund,Nordrhein-Westfalen,
44261,Dortmund,Nordrhein-Westfalen,Sonder-PLZ (Postfach/Großkunde)
44263,Dortmund,Nordrhein-Westfalen,
44265,Dortmund,Nordrhein-Westfalen,
44267,Dortmund,Nordrhein-Westfalen,
44269,Dortmund,Nordrhein-Westfalen,
44280,Dortmund,Nordrhein-Westfalen,Sonder-PLZ (Postfach/Großkunde)
44285,Dortmund,Nordrhein-Westfalen,Sonder-PLZ (Postfach/Großkunde)
44287,Dortmund,Nordrhein-Westfalen,
44289,Dortmund,Nordrhein-Westfalen,
44309,Dortmund,Nordrhein-Westfalen,
44319,Dortmund,Nordrhein-Westfalen,
44328,Dortmund,Nordrhein-Westfalen,
44329,Dortmund,Nordrhein-Westfalen,
44339,Dortmund,Nordrhein-Westfalen,
44357,Dortmund,Nordrhein-Westfalen,
44359,Dortmund,Nordrhein-Westfalen,
44369,Dortmund,Nordrhein-Westfalen,
44379,Dortmund,Nordrhein-Westfalen,
44388,Dortmund,Nordrhein-Westfalen,
44787,Bochum,Nordrhein-Westfalen,
44789,Bochum,Nordrhein-Westfalen,
44791,Bochum,Nordrhein-Westfalen,
44793,Bochum,Nordrhein-Westfalen,
44795,Bochum,Nordrhein-Westfalen,
44797,Bochum,Nordrhein-Westfalen,
44799,Bochum,Nordrhein-Westfalen,
44801,Bochum,Nordrhein-Westfalen,
44803,Bochum,Nordrhein-Westfalen,
44805,Bochum,Nordrhein-Westfalen,
44807,Bochum,Nordrhein-Westfalen,
44809,Bochum,Nordrhein-Westfalen,
44863,Bochum,Nordrhein-Westfalen,Sonder-PLZ (Postfach/Großkunde)
44866,Bochum,Nordrhein-Westfalen,
44867,Bochum,Nordrhein-Westfalen,
44869,Bochum,Nordrhein-Westfalen,
44879,Bochum,Nordrhein-Westfalen,
44892,Bochum,Nordrhein-Westfalen,
44894,Bochum,Nordrhein-Westfalen,
45127,Essen,Nordrhein-Westfalen,
45128,Essen,Nordrhein-Westfalen,
45130,Essen,Nordrhein-Westfalen,
45131,Essen,Nordrhein-Westfalen,
45133,Essen,Nordrhein-Westfalen,
45134,Essen,Nordrhein-Westfalen,
45136,Essen,Nordrhein-Westfalen,
45138,Essen,Nordrhein-Westfalen,
45139,Essen,Nordrhein-Westfalen,
45141,Essen,Nordrhein-Westfalen,
45143,Essen,Nordrhein-Westfalen,
45144,Essen,Nordrhein-Westfalen,
45145,Essen,Nordrhein-Westfalen,
45147,Essen,Nordrhein-Westfalen,
45149,Essen,Nordrhein-Westfalen,neu (OSM: Essen)
45219,Essen,Nordrhein-Westfalen,
45239,Essen,Nordrhein-Westfalen,
45257,Essen,Nordrhein-Westfalen,
45259,Essen,Nordrhein-Westfalen,
45276,Essen,Nordrhein-Westfalen,
45277,Essen,Nordrhein-Westfalen,
45279,Essen,Nordrhein-Westfalen,
45289,Essen,Nordrhein-Westfalen,
45307,Essen,Nordrhein-Westfalen,
45309,Essen,Nordrhein-Westfalen,
45326,Essen,Nordrhein-Westfalen,
45327,Essen,Nordrhein-Westfalen,
45329,Essen,Nordrhein-Westfalen,
45355,Essen,Nordrhein-Westfalen,
45356,Essen,Nordrhein-Westfalen,
45357,Essen,Nordrhein-Westfalen,
45359,Essen,Nordrhein-Westfalen,neu (OSM: Essen)
45879,Gelsenkirchen,Nordrhein-Westfalen,
45881,Gelsenkirchen,Nordrhein-Westfalen,
45883,Gelsenkirchen,Nordrhein-Westfalen,
45884,Gelsenkirchen,Nordrhein-Westfalen,
45886,Gelsenkirchen,Nordrhein-Westfalen,
45888,Gelsenkirchen,Nordrhein-Westfalen,
45889,Gelsenkirchen,Nordrhein-Westfalen,
45891,Gelsenkirchen,Nordrhein-Westfalen,
45892,Gelsenkirchen,Nordrhein-Westfalen,
45894,Gelsenkirchen,Nordrhein-Westfalen,
45896,Gelsenkirchen,Nordrhein-Westfalen,
45897,Gelsenkirchen,Nordrhein-Westfalen,
45899,Gelsenkirchen,Nordrhein-Westfalen,neu (OSM: Gelsenkirchen)
47051,Duisburg,Nordrhein-Westfalen,
47053,Duisburg,Nordrhein-Westfalen,
47055,Duisburg,Nordrhein-Westfalen,
47057,Duisburg,Nordrhein-Westfalen,
47058,Duisburg,Nordrhein-Westfalen,
47059,Duisburg,Nordrhein-Westfalen,
47118,Duisburg,Nordrhein-Westfalen,Sonder-PLZ (Postfach/Großkunde)
47119,Duisburg,Nordrhein-Westfalen,
47137,Duisburg,Nordrhein-Westfalen,
47138,Duisburg,Nordrhein-Westfalen,
47139,Duisburg,Nordrhein-Westfalen,
47161,Duisburg,Nordrhein-Westfalen,Sonder-PLZ (Postfach/Großkunde)
47163,Duisburg,Nordrhein-Westfalen,Sonder-PLZ (Postfach/Großkunde)
47166,Duisburg,Nordrhein-Westfalen,
47167,Duisburg,Nordrhein-Westfalen,
47169,Duisburg,Nordrhein-Westfalen,
47178,Duisburg,Nordrhein-Westfalen,
47179,Duisburg,Nordrhein-Westfalen,
47198,Duisburg,Nordrhein-Westfalen,
47199,Duisburg,Nordrhein-Westfalen,
47226,Duisburg,Nordrhein-Westfalen,
47228,Duisburg,Nordrhein-Westfalen,
47229,Duisburg,Nordrhein-Westfalen,
47239,Duisburg,Nordrhein-Westfalen,
47249,Duisburg,Nordrhein-Westfalen,
47259,Duisburg,Nordrhein-Westfalen,
47269,Duisburg,Nordrhein-Westfalen,
47279,Duisburg,Nordrhein-Westfalen,neu (OSM: Duisburg)
47798,Krefeld,Nordrhein-Westfalen,
47799,Krefeld,Nordrhein-Westfalen,
47800,Krefeld,Nordrhein-Westfalen,
47802,Krefeld,Nordrhein-Westfalen,
47803,Krefeld,Nordrhein-Westfalen,
47804,Krefeld,Nordrhein-Westfalen,
47805,Krefeld,Nordrhein-Westfalen,
47807,Krefeld,Nordrhein-Westfalen,
47809,Krefeld,Nordrhein-Westfalen,
47829,Krefeld,Nordrhein-Westfalen,
47839,Krefeld,Nordrhein-Westfalen,neu (OSM: Krefeld)
48143,Münster,Nordrhein-Westfalen,
48145,Münster,Nordrhein-Westfalen,
48147,Münster,Nordrhein-Westfalen,
48149,Münster,Nordrhein-Westfalen,
48151,Münster,Nordrhein-Westfalen,
48153,Münster,Nordrhein-Westfalen,
48155,Münster,Nordrhein-Westfalen,
48157,Münster,Nordrhein-Westfalen,
48159,Münster,Nordrhein-Westfalen,
48161,Münster,Nordrhein-Westfalen,
48163,Münster,Nordrhein-Westfalen,
48165,Münster,Nordrhein-Westfalen,
48167,Münster,Nordrhein-Westfalen,neu (OSM: Münster)
50667,Köln,Nordrhein-Westfalen,
50668,Köln,Nordrhein-Westfalen,
50670,Köln,Nordrhein-Westfalen,
50672,Köln,Nordrhein-Westfalen,
50674,Köln,Nordrhein-Westfalen,
50676,Köln,Nordrhein-Westfalen,
50677,Köln,Nordrhein-Westfalen,
50678,Köln,Nordrhein-Westfalen,
50679,Köln,Nordrhein-Westfalen,neu (OSM: Köln)
50733,Köln,Nordrhein-Westfalen,
50735,Köln,Nordrhein-Westfalen,
50737,Köln,Nordrhein-Westfalen,
50739,Köln,Nordrhein-Westfalen,
50765,Köln,Nordrhein-Westfalen,
50767,Köln,Nordrhein-Westfalen,
50769,Köln,Nordrhein-Westfalen,
50819,Köln,Nordrhein-Westfalen,Sonder-PLZ (Postfach/Großkunde)
50820,Köln,Nordrhein-Westfalen,Sonder-PLZ (Postfach/Großkunde)
50823,Köln,Nordrhein-Westfalen,
50825,Köln,Nordrhein-Westfalen,
50827,Köln,Nordrhein-Westfalen,
50829,Köln,Nordrhein-Westfalen,
50855,Köln,Nordrhein-Westfalen,Sonder-PLZ (Postfach/Großkunde)
50858,Köln,Nordrhein-Westfalen,
50859,Köln,Nordrhein-Westfalen,
50919,Köln,Nordrhein-Westfalen,Sonder-PLZ (Postfach/Großkunde)
50922,Köln,Nordrhein-Westfalen,Sonder-PLZ (Postfach/Großkunde)
50924,Köln,Nordrhein-Westfalen,Sonder-PLZ (Postfach/Großkunde)
50925,Köln,Nordrhein-Westfalen,Sonder-PLZ (Postfach/Großkunde)
50926,Köln,Nordrhein-Westfalen,Sonder-PLZ (Postfach/Großkunde)
50927,Köln,Nordrhein-Westfalen,Sonder-PLZ (Postfach/Großkunde)
50928,Köln,Nordrhein-Westfalen,Sonder-PLZ (Postfach/Großkunde)
50931,Köln,Nordrhein-Westfalen,
50933,Köln,Nordrhein-Westfalen,
50935,Köln,Nordrhein-Westfalen,
50937,Köln,Nordrhein-Westfalen,
50939,Köln,Nordrhein-Westfalen,
50960,Köln,Nordrhein-Westfalen,Sonder-PLZ (Postfach/Großkunde)
50962,Köln,Nordrhein-Westfalen,Sonder-PLZ (Postfach/Großkunde)
50963,Köln,Nordrhein-Westfalen,Sonder-PLZ (Postfach/Großkunde)
50964,Köln,Nordrhein-Westfalen,Sonder-PLZ (Postfach/Großkunde)
50965,Köln,Nordrhein-Westfalen,Sonder-PLZ (Postfach/Großkunde)
50966,Köln,Nordrhein-Westfalen,Sonder-PLZ (Postfach/Großkunde)
50968,Köln,Nordrhein-Westfalen,
50969,Köln,Nordrhein-Westfalen,
50996,Köln,Nordrhein-Westfalen,
50997,Köln,Nordrhein-Westfalen,
50999,Köln,Nordrhein-Westfalen,neu (OSM: Köln)
51061,Köln,Nordrhein-Westfalen,
51063,Köln,Nordrhein-Westfalen,
51065,Köln,Nordrhein-Westfalen,
51067,Köln,Nordrhein-Westfalen,
51069,Köln,Nordrhein-Westfalen,
51101,Köln,Nordrhein-Westfalen,Sonder-PLZ (Postfach/Großkunde)
51103,Köln,Nordrhein-Westfalen,
51105,Köln,Nordrhein-Westfalen,
51107,Köln,Nordrhein-Westfalen,
51109,Köln,Nordrhein-Westfalen,
51139,Köln,Nordrhein-Westfalen,Sonder-PLZ (Postfach/Großkunde)
51140,Köln,Nordrhein-Westfalen,Sonder-PLZ (Postfach/Großkunde)
51141,Köln,Nordrhein-Westfalen,Sonder-PLZ (Postfach/Großkunde)
51143,Köln,Nordrhein-Westfalen,
51145,Köln,Nordrhein-Westfalen,
51147,Köln,Nordrhein-Westfalen,
51149,Köln,Nordrhein-Westfalen,neu (OSM: Köln)
51371,Leverkusen,Nordrhein-Westfalen,
51373,Leverkusen,Nordrhein-Westfalen,
51375,Leverkusen,Nordrhein-Westfalen,
51377,Leverkusen,Nordrhein-Westfalen,
51379,Leverkusen,Nordrhein-Westfalen,
51381,Leverkusen,Nordrhein-Westfalen,neu (OSM: Leverkusen)
52062,Aachen,Nordrhein-Westfalen,
52064,Aachen,Nordrhein-Westfalen,
52066,Aachen,Nordrhein-Westfalen,
52068,Aachen,Nordrhein-Westfalen,
52070,Aachen,Nordrhein-Westfalen,
52072,Aachen,Nordrhein-Westfalen,
52074,Aachen,Nordrhein-Westfalen,
52076,Aachen,Nordrhein-Westfalen,
52078,Aachen,Nordrhein-Westfalen,
52080,Aachen,Nordrhein-Westfalen,neu (OSM: Aachen)
53111,Bonn,Nordrhein-Westfalen,
53113,Bonn,Nordrhein-Westfalen,
53115,Bonn,Nordrhein-Westfalen,
53117,Bonn,Nordrhein-Westfalen,
53119,Bonn,Nordrhein-Westfalen,
53121,Bonn,Nordrhein-Westfalen,
53123,Bonn,Nordrhein-Westfalen,
53125,Bonn,Nordrhein-Westfalen,
53127,Bonn,Nordrhein-Westfalen,
53129,Bonn,Nordrhein-Westfalen,neu (OSM: Bonn)
53173,Bonn,Nordrhein-Westfalen,
53175,Bonn,Nordrhein-Westfalen,
53177,Bonn,Nordrhein-Westfalen,
53179,Bonn,Nordrhein-Westfalen,
53221,Bonn,Nordrhein-Westfalen,Sonder-PLZ (Postfach/Großkunde)
53222,Bonn,Nordrhein-Westfalen,Sonder-PLZ (Postfach/Großkunde)
53223,Bonn,Nordrhein-Westfalen,Sonder-PLZ (Postfach/Großkunde)
53225,Bonn,Nordrhein-Westfalen,
53227,Bonn,Nordrhein-Westfalen,
53229,Bonn,Nordrhein-Westfalen,neu (OSM: Bonn)
55116,Mainz,Rheinland-Pfalz,
55118,Mainz,Rheinland-Pfalz,
55120,Mainz,Rheinland-Pfalz,
55122,Mainz,Rheinland-Pfalz,
55124,Mainz,Rheinland-Pfalz,
55126,Mainz,Rheinland-Pfalz,
55127,Mainz,Rheinland-Pfalz,
55128,Mainz,Rheinland-Pfalz,
55129,Mainz,Rheinland-Pfalz,
55130,Mainz,Rheinland-Pfalz,
55131,Mainz,Rheinland-Pfalz,neu (OSM: Mainz)
55246,Wiesbaden,Hessen,neu (OSM: Mainz-Kostheim; Wiesbaden)
55252,Mainz,Rheinland-Pfalz,neu (OSM: Mainz-Kastel)
60306,Frankfurt am Main,Hessen,
60307,Frankfurt am Main,Hessen,Sonder-PLZ (Postfach/Großkunde)
60308,Frankfurt am Main,Hessen,
60309,Frankfurt am Main,Hessen,Sonder-PLZ (Postfach/Großkunde)
60310,Frankfurt am Main,Hessen,
60311,Frankfurt am Main,Hessen,
60312,Frankfurt am Main,Hessen,
60313,Frankfurt am Main,Hessen,
60314,Frankfurt am Main,Hessen,
60315,Frankfurt am Main,Hessen,
60316,Frankfurt am Main,Hessen,
60318,Frankfurt am Main,Hessen,
60320,Frankfurt am Main,Hessen,
60322,Frankfurt am Main,Hessen,
60323,Frankfurt am Main,Hessen,
60325,Frankfurt am Main,Hessen,
60326,Frankfurt am Main,Hessen,
60327,Frankfurt am Main,Hessen,
60329,Frankfurt am Main,Hessen,
60377,Frankfurt am Main,Hessen,Sonder-PLZ (Postfach/Großkunde)
60379,Frankfurt am Main,Hessen,Sonder-PLZ (Postfach/Großkunde)
60380,Frankfurt am Main,Hessen,Sonder-PLZ (Postfach/Großkunde)
60382,Frankfurt am Main,Hessen,Sonder-PLZ (Postfach/Großkunde)
60385,Frankfurt am Main,Hessen,
60386,Frankfurt am Main,Hessen,
60388,Frankfurt am Main,Hessen,
60389,Frankfurt am Main,Hessen,
60422,Frankfurt am Main,Hessen,Sonder-PLZ (Postfach/Großkunde)
60423,Frankfurt am Main,Hessen,Sonder-PLZ (Postfach/Großkunde)
60424,Frankfurt am Main,Hessen,Sonder-PLZ (Postfach/Großkunde)
60428,Frankfurt am Main,Hessen,Sonder-PLZ (Postfach/Großkunde)
60429,Frankfurt am Main,Hessen,Sonder-PLZ (Postfach/Großkunde)
60431,Frankfurt am Main,Hessen,
60433,Frankfurt am Main,Hessen,
60435,Frankfurt am Main,Hessen,
60437,Frankfurt am Main,Hessen,
60438,Frankfurt am Main,Hessen,
60439,Frankfurt am Main,Hessen,
60482,Frankfurt am Main,Hessen,Sonder-PLZ (Postfach/Großkunde)
60484,Frankfurt am Main,Hessen,Sonder-PLZ (Postfach/Großkunde)
60485,Frankfurt am Main,Hessen,Sonder-PLZ (Postfach/Großkunde)
60486,Frankfurt am Main,Hessen,
60487,Frankfurt am Main,Hessen,
60488,Frankfurt am Main,Hessen,
60489,Frankfurt am Main,Hessen,
60490,Frankfurt am Main,Hessen,Sonder-PLZ (Postfach/Großkunde)
60519,Frankfurt am Main,Hessen,Sonder-PLZ (Postfach/Großkunde)
60521,Frankfurt am Main,Hessen,Sonder-PLZ (Postfach/Großkunde)
60523,Frankfurt am Main,Hessen,Sonder-PLZ (Postfach/Großkunde)
60524,Frankfurt am Main,Hessen,Sonder-PLZ (Postfach/Großkunde)
60525,Frankfurt am Main,Hessen,Sonder-PLZ (Postfach/Großkunde)
60528,Frankfurt am Main,Hessen,
60529,Frankfurt am Main,Hessen,
60544,Frankfurt am Main,Hessen,Sonder-PLZ (Postfach/Großkunde)
60546,Frankfurt am Main,Hessen,Sonder-PLZ (Postfach/Großkunde)
60547,Frankfurt am Main,Hessen,Sonder-PLZ (Postfach/Großkunde)
60549,Frankfurt am Main,Hessen,
60589,Frankfurt am Main,Hessen,Sonder-PLZ (Postfach/Großkunde)
60590,Frankfurt am Main,Hessen,Sonder-PLZ (Postfach/Großkunde)
60591,Frankfurt am Main,Hessen,Sonder-PLZ (Postfach/Großkunde)
60594,Frankfurt am Main,Hessen,
60596,Frankfurt am Main,Hessen,
60598,Frankfurt am Main,Hessen,
60599,Frankfurt am Main,Hessen,neu (OSM: Frankfurt am Main)
63065,Offenbach am Main,Hessen,
63067,Offenbach am Main,Hessen,
63069,Offenbach am Main,Hessen,
63071,Offenbach am Main,Hessen,
63073,Offenbach am Main,Hessen,
63075,Offenbach am Main,Hessen,neu (OSM: Offenbach am Main)
64283,Darmstadt,Hessen,
64285,Darmstadt,Hessen,
64287,Darmstadt,Hessen,
64289,Darmstadt,Hessen,
64291,Darmstadt,Hessen,
64293,Darmstadt,Hessen,
64295,Darmstadt,Hessen,
64297,Darmstadt,Hessen,neu (OSM: Darmstadt)
65183,Wiesbaden,Hessen,
65185,Wiesbaden,Hessen,
65187,Wiesbaden,Hessen,
65189,Wiesbaden,Hessen,
65191,Wiesbaden,Hessen,
65193,Wiesbaden,Hessen,
65195,Wiesbaden,Hessen,
65197,Wiesbaden,Hessen,
65199,Wiesbaden,Hessen,
65201,Wiesbaden,Hessen,
65203,Wiesbaden,Hessen,
65205,Wiesbaden,Hessen,
65207,Wiesbaden,Hessen,neu (OSM: Wiesbaden)
65929,Frankfurt am Main,Hessen,neu (OSM: Frankfurt am Main)
65931,Frankfurt am Main,Hessen,neu (OSM: Frankfurt am Main)
65933,Frankfurt am Main,Hessen,neu (OSM: Frankfurt am Main)
65934,Frankfurt am Main,Hessen,neu (OSM: Frankfurt am Main)
65936,Frankfurt am Main,Hessen,neu (OSM: Frankfurt am Main)
66111,Saarbrücken,Saarland,
66113,Saarbrücken,Saarland,
66115,Saarbrücken,Saarland,
66117,Saarbrücken,Saarland,
66119,Saarbrücken,Saarland,
66121,Saarbrücken,Saarland,
66123,Saarbrücken,Saarland,
66125,Saarbrücken,Saarland,
66126,Saarbrücken,Saarland,
66127,Saarbrücken,Saarland,
66128,Saarbrücken,Saarland,
66129,Saarbrücken,Saarland,
66130,Saarbrücken,Saarland,
66131,Saarbrücken,Saarland,
66132,Saarbrücken,Saarland,
66133,Saarbrücken,Saarland,neu (OSM: Saarbrücken)
67059,Ludwigshafen,Rheinland-Pfalz,
67061,Ludwigshafen,Rheinland-Pfalz,
67063,Ludwigshafen,Rheinland-Pfalz,
67065,Ludwigshafen,Rheinland-Pfalz,
67067,Ludwigshafen,Rheinland-Pfalz,
67069,Ludwigshafen,Rheinland-Pfalz,
67071,Ludwigshafen,Rheinland-Pfalz,neu (OSM: Ludwigshafen am Rhein)
67655,Kaiserslautern,Rheinland-Pfalz,
67657,Kaiserslautern,Rheinland-Pfalz,
67659,Kaiserslautern,Rheinland-Pfalz,
67661,Kaiserslautern,Rheinland-Pfalz,
67663,Kaiserslautern,Rheinland-Pfalz,neu (OSM: Kaiserslautern)
68159,Mannheim,Baden-Württemberg,
68161,Mannheim,Baden-Württemberg,
68163,Mannheim,Baden-Württemberg,
68165,Mannheim,Baden-Württemberg,
68167,Mannheim,Baden-Württemberg,
68169,Mannheim,Baden-Württemberg,
68197,Mannheim,Baden-Württemberg,Sonder-PLZ (Postfach/Großkunde)
68199,Mannheim,Baden-Württemberg,
68219,Mannheim,Baden-Württemberg,
68229,Mannheim,Baden-Württemberg,
68239,Mannheim,Baden-Württemberg,
68259,Mannheim,Baden-Württemberg,
68298,Mannheim,Baden-Württemberg,Sonder-PLZ (Postfach/Großkunde)
68299,Mannheim,Baden-Württemberg,Sonder-PLZ (Postfach/Großkunde)
68300,Mannheim,Baden-Württemberg,Sonder-PLZ (Postfach/Großkunde)
68301,Mannheim,Baden-Württemberg,Sonder-PLZ (Postfach/Großkunde)
68302,Mannheim,Baden-Württemberg,Sonder-PLZ (Postfach/Großkunde)
68305,Mannheim,Baden-Württemberg,
68307,Mannheim,Baden-Württemberg,
68309,Mannheim,Baden-Württemberg,neu (OSM: Mannheim)
69115,Heidelberg,Baden-Württemberg,
69117,Heidelberg,Baden-Württemberg,
69118,Heidelberg,Baden-Württemberg,
69120,Heidelberg,Baden-Württemberg,
69121,Heidelberg,Baden-Württemberg,
69123,Heidelberg,Baden-Württemberg,
69124,Heidelberg,Baden-Württemberg,
69126,Heidelberg,Baden-Württemberg,neu (OSM: Heidelberg)
