Postleitzahl,Stadt/Ort,Hinweis
80097,Staatsanwaltschaft München II,
80200,Kreisfreie Stadt München,ndoshta Sonder-PLZ
80217,Kreisfreie Stadt München,ndoshta Sonder-PLZ
80218,Kreisfreie Stadt München,ndoshta Sonder-PLZ
80219,Kreisfreie Stadt München,ndoshta Sonder-PLZ
80221,Kreisfreie Stadt München,ndoshta Sonder-PLZ
80222,HUK-Coburg Versicherungsgruppe,
80240,Kreisfreie Stadt München,ndoshta Sonder-PLZ
80248,Kreisfreie Stadt München,ndoshta Sonder-PLZ
80249,Computershare Deutschland,
80250,Kreisfreie Stadt München,ndoshta Sonder-PLZ
80251,Kreisfreie Stadt München,ndoshta Sonder-PLZ
80258,Kreisfreie Stadt München,ndoshta Sonder-PLZ
80259,Kreisfreie Stadt München,ndoshta Sonder-PLZ
80260,Kreisfreie Stadt München,ndoshta Sonder-PLZ
80263,Boesche Staatliche Lotterieeinnahme,
80264,Kreisfreie Stadt München,ndoshta Sonder-PLZ
80266,AOK Bayern - Die Gesundheitskasse Direktion München,
80267,Berufsgenossenschaft der Bauwirtschaft Bezirksverwaltung München,
80268,Kreisfreie Stadt München,ndoshta Sonder-PLZ
80269,Finanzamt München / Abt. II,ndoshta Sonder-PLZ
80270,"Berufsgenossenschaft Handel und Warenlogistik, Regionaldirektion Südost",
80271,Kreisfreie Stadt München,ndoshta Sonder-PLZ
80272,Münchener Hypothekenbank eG,
80273,Kreisfreie Stadt München,ndoshta Sonder-PLZ
80275,Finanzamt München / Abt.- Körperschaften,ndoshta Sonder-PLZ
80276,Finanzamt München / Abt. I,ndoshta Sonder-PLZ
80277,BayernLB Bayerische Landesbank,ndoshta Sonder-PLZ
80278,Kreisfreie Stadt München,ndoshta Sonder-PLZ
80279,KREISSPARKASSE MÜNCHEN STARNBERG EBERSBERG,ndoshta Sonder-PLZ
80280,LBS Bayerische Landesbausparkasse,ndoshta Sonder-PLZ
80281,Deutsche Bundesbank Hauptverwaltung München,ndoshta Sonder-PLZ
80282,Kreisfreie Stadt München,ndoshta Sonder-PLZ
80283,Münchener Verein,
80285,Kreisfreie Stadt München,ndoshta Sonder-PLZ
80287,Stadtwerke München,
80289,Kreisfreie Stadt München,ndoshta Sonder-PLZ
80290,Technische Universität München Präsidialbüro W. A. Herrmann,ndoshta Sonder-PLZ
80291,Kreisfreie Stadt München,ndoshta Sonder-PLZ
80292,WWK Investment S.A.,
80294,Kreisfreie Stadt München,ndoshta Sonder-PLZ
80295,Kreisfreie Stadt München,ndoshta Sonder-PLZ
80297,Deutsches Patent- und Markenamt,ndoshta Sonder-PLZ
80298,Europäisches Patentamt,
80300,Bayerischer Rundfunk,
80301,Finanzamt München / Abt. III,ndoshta Sonder-PLZ
80302,Finanzamt München / Abt. IV,ndoshta Sonder-PLZ
80303,Finanzamt München / Abt. V,ndoshta Sonder-PLZ
80304,Agentur für Arbeit München,ndoshta Sonder-PLZ
80306,Deutsches Museum,ndoshta Sonder-PLZ
80308,Debeka Versicherungen und Bausparkasse,ndoshta Sonder-PLZ
80309,Erzbischöfliches Ordinariat München,
80310,Kreisfreie Stadt München,ndoshta Sonder-PLZ
80311,Kreisfreie Stadt München,ndoshta Sonder-PLZ
80313,Stadtverwaltung,ndoshta Sonder-PLZ
80314,Kreisfreie Stadt München,ndoshta Sonder-PLZ
80315,Amtsgericht München,ndoshta Sonder-PLZ
80316,Landgericht München I,
80317,Kreisfreie Stadt München,ndoshta Sonder-PLZ
80318,Kreisfreie Stadt München,ndoshta Sonder-PLZ
80319,LKV Landeskuratorium für tierische Veredelung Bayern e. V.,ndoshta Sonder-PLZ
80320,Landgericht München II,
80322,Kreisfreie Stadt München,ndoshta Sonder-PLZ
80323,Rechtsschutz Union,
80324,Deutsche Post DHL Group Finance & HR Operations Deutschland,ndoshta Sonder-PLZ
80325,Amtsgericht München,ndoshta Sonder-PLZ
80326,Essanelle,
80327,Hauck & Aufhäuser Privatbankiers KGAA,
80328,VdK Der Sozialverband Bayern e. V.,ndoshta Sonder-PLZ
80329,SOS-Kinderdörfer,
80331,München,
80333,München,
80335,München,
80336,München,
80337,München,
80339,München,
80340,Kreisfreie Stadt München,ndoshta Sonder-PLZ
80466,Landeshauptstadt München Kreisverwaltungsreferat,
80469,München,
80524,Bayer. Staatsministerium des Innern,
80525,"Bayerisches Staatsministerium für Wirtschaft, Verkehr und Technologie",
80530,Versicherungskammer Bayern,
80534,Regierung von Oberbayern,
80535,Bayerisches Staatsministerium für Wohnen Bau und Verkehr,
80538,München,
80539,München,
80632,Kreiswehrersatzamt,
80634,München,
80636,München,
80637,München,
80638,München,
80639,München,
80682,Kreisfreie Stadt München,ndoshta Sonder-PLZ
80684,Kassenärztliche Vereinigung Bayerns,
80686,München,
80687,München,
80689,München,
80700,Kreisfreie Stadt München,ndoshta Sonder-PLZ
80786,Kreisfreie Stadt München,ndoshta Sonder-PLZ
80787,BMW Financial Service,
80788,BMW INFO Service,
80789,DBV-Winterthur Versicherungen,
80790,Kreisfreie Stadt München,ndoshta Sonder-PLZ
80791,Stadtsparkasse München,ndoshta Sonder-PLZ
80792,"Bay. Staatsministerium f. Arbeit u. Sozialordnung, Familie u. Frauen",
80794,Kreisfreie Stadt München,ndoshta Sonder-PLZ
80796,München,
80797,München,
80798,München,
80799,München,
80801,München,
80802,München,
80803,München,
80804,München,
80805,München,
80807,München,
80809,München,
80920,Kreisfreie Stadt München,ndoshta Sonder-PLZ
80931,Bayr. Rundfunk Fernsehstudio Freimann,
80933,München,
80935,München,
80937,München,
80939,München,
80991,Bayerischer Motorsport-Verband,
80992,München,
80993,München,
80995,München,
80997,München,
80999,München,
81236,Berufsgenossenschaft Holz und Metall Bezirksverwaltung,
81237,Berufsgenossenschaft der Bauwirtschaft Bezirksverwaltung München (Tiefbau),
81238,AOK Bayern - Die Gesundheitskasse Geschäftsstelle Pasing,
81241,München,
81243,München,
81245,München,
81247,München,
81248,München,
81249,München,
81340,Kreisfreie Stadt München,ndoshta Sonder-PLZ
81350,Kreisfreie Stadt München,ndoshta Sonder-PLZ
81355,Kreisfreie Stadt München,ndoshta Sonder-PLZ
81356,Kreisfreie Stadt München,ndoshta Sonder-PLZ
81357,Continentale Lebensversicherung a.G.,
81358,Continentale Krankenversicherung Kundendienst - Centrum,
81359,Kreisfreie Stadt München,ndoshta Sonder-PLZ
81360,ADAC e. V.,ndoshta Sonder-PLZ
81362,Kreisfreie Stadt München,ndoshta Sonder-PLZ
81363,Kreisfreie Stadt München,ndoshta Sonder-PLZ
81364,Kreisfreie Stadt München,ndoshta Sonder-PLZ
81365,Kreisfreie Stadt München,ndoshta Sonder-PLZ
81366,Klinikum der Universitat München Großhadern,ndoshta Sonder-PLZ
81367,München,
81369,München,
81371,München,
81373,München,
81375,München,
81377,München,
81379,München,
81475,München,
81476,München,
81477,München,
81479,München,
81531,Kreisfreie Stadt München,ndoshta Sonder-PLZ
81533,Kreisfreie Stadt München,ndoshta Sonder-PLZ
81534,Kreisfreie Stadt München,ndoshta Sonder-PLZ
81535,Kreisfreie Stadt München,ndoshta Sonder-PLZ
81536,AGA International S.A. Niederlassung für Deutschland,
81537,Kreisfreie Stadt München,ndoshta Sonder-PLZ
81539,München,
81541,München,
81543,München,
81545,München,
81547,München,
81549,München,
81550,Versicherungskammer Bayern,
81627,Bayerischer Landtag Landtagsamt,ndoshta Sonder-PLZ
81655,Kreisfreie Stadt München,ndoshta Sonder-PLZ
81658,Medizinischer Dienst der Krankenversicherung Bayern,
81660,Landeshauptstadt München Baureferat,
81662,Techniker Krankenkasse Servicezentrum Beitrag,
81663,Airbus Group,
81664,Frank Haritz Staatliche Lotterie-Einnahme der SKL,
81665,Kreisfreie Stadt München,ndoshta Sonder-PLZ
81667,München,
81669,München,
81671,München,
81673,München,
81675,München,
81677,München,
81679,München,
81713,Deutsche Rentenversicherung Knappschaft-Bahn-See Gesch.-St. München,ndoshta Sonder-PLZ
81716,Augsburg,
81718,Kreisfreie Stadt München,ndoshta Sonder-PLZ
81723,Kreisfreie Stadt München,ndoshta Sonder-PLZ
81725,Kreisfreie Stadt München,ndoshta Sonder-PLZ
81726,München,
81727,Kreisfreie Stadt München,ndoshta Sonder-PLZ
81728,D.A.S. Direktion,
81729,Deutsche Rentenversicherung Bayern Süd,ndoshta Sonder-PLZ
81731,Kreisfreie Stadt München,ndoshta Sonder-PLZ
81732,BAYERISCHE BEAMTEN VERSICHERUNGEN,
81733,Kreisfreie Stadt München,ndoshta Sonder-PLZ
81735,München,
81737,München,
81739,München,
81823,Kreisfreie Stadt München,ndoshta Sonder-PLZ
81825,München,
81827,München,
81829,München,
81911,Swiss Re Europe S.A. Niederlassung Deutschland,
81918,Kreisfreie Stadt München,ndoshta Sonder-PLZ
81919,Bayerische Ärzteversorgung,
81920,Zusatzversorgungskasse der bayerischen Gemeinden,
81921,Bayer. Versorgungskammer,
81925,München,
81927,München,
81929,München,
81987,INA-NZ BZA,
81988,Kreisfreie Stadt München,ndoshta Sonder-PLZ
81989,Kreisfreie Stadt München,ndoshta Sonder-PLZ
81995,Kreisfreie Stadt München,ndoshta Sonder-PLZ
81999,Kreisfreie Stadt München,ndoshta Sonder-PLZ
82008,Unterhaching,
82024,Taufkirchen,
82030,München,
82031,Grünwald,
82032,Deisenhofen bei München,
82038,München,
82039,Sigma,
82041,Oberhaching,
82047,Autovermietung Sixt,
82049,Pullach im Isartal,
82054,Sauerlach,
82057,Icking,
82061,Neuried,
82064,Straßlach-Dingharting,
82065,Baierbrunn,
82067,Kloster Schäftlarn,
82069,Schäftlarn,
82110,Germering,
82131,Gauting,
82140,Olching,
82152,Krailling,
82166,Gräfelfing,
82175,Fürstenfeldbruck,
82178,Puchheim,
82194,Gröbenzell,
82205,Gilching,
82211,Herrsching am Ammersee,
82216,Maisach,
82223,Eichenau,
82229,Seefeld,
82234,Weßling,
82237,Wörthsee,
82239,Alling,
82254,Fürstenfeldbruck,
82256,Fürstenfeldbruck,
82266,Inning am Ammersee,
82269,Geltendorf,
82272,Moorenweis,
82275,Emmering,
82276,Adelshofen,
82278,Althegnenberg,
82279,Eching am Ammersee,
82281,Egenhofen,
82282,Pischertshofen,
82284,Grafrath,
82285,Hattenhofen,
82287,Jesenwang,
82288,Kottgeisering,
82290,Landsberied,
82291,Mammendorf,
82293,Mittelstetten,
82294,Oberschweinbach,
82296,Schöngeising,
82297,Steindorf,
82299,Türkenfeld,
82317,Amtsgericht Stranberg,ndoshta Sonder-PLZ
82319,Starnberg,
82322,Starnberg,
82327,Tutzing,
82335,Berg,
82340,Feldafing,
82343,Pöcking,
82346,Andechs,
82347,Bernried,
82349,Pentenried,
82360,Landratsamt Weilheim-Schongau,
82362,Weilheim in Oberbayern,
82363,Agentur für Arbeit Weilheim i. OB,ndoshta Sonder-PLZ
82377,Penzberg,
82380,Peißenberg,
82383,Hohenpeißenberg,
82386,Huglfing,
82387,Antdorf,
82389,Böbing,
82390,Eberfing,
82392,Habach,
82393,Iffeldorf,
82395,Obersöchering,
82396,Pähl,
82398,Polling,
82399,Raisting,
82401,Rottenbuch,
82402,Seeshaupt,
82404,Sindelsdorf,
82405,Wessobrunn,
82407,Wielenbach,
82409,Wildsteig,
82418,Riegsee,
82431,Kochel am See,
82432,"Urfeld, Oberbayern",
82433,Bad Kohlgrub,
82435,Bad Bayersoien,
82436,Eglfing,
82438,Eschenlohe,
82439,Großweil,
82441,Ohlstadt,
82442,Saulgrub,
82444,Schlehdorf,
82445,Schwaigen,
82447,Spatzenhausen,
82449,Uffing am Staffelsee,
82467,Garmisch-Partenkirchen,
82475,Schneefernerhaus,
82481,Mittenwald,
82487,Oberammergau,
82488,Ettal,
82490,Farchant,
82491,Grainau,
82493,Klais,
82494,Krün,
82496,Oberau,
82497,Unterammergau,
82499,Wallgau,
82515,Wolfratshausen,
82538,Geretsried,
82541,Münsing,
82544,Egling,
82547,Eurasburg,
82549,Königsdorf,
83018,Agentur für Arbeit Rosenheim,ndoshta Sonder-PLZ
83019,Kreisfreie Stadt Rosenheim,ndoshta Sonder-PLZ
83022,Rosenheim,
83024,Rosenheim,
83026,Rosenheim,
83034,Rosenheim,
83043,Bad Aibling,
83052,Bruckmühl,
83059,Kolbermoor,
83064,Raubling,
83071,Stephanskirchen,
83075,Bad Feilnbach,
83080,Oberaudorf,
83083,Riedering,
83088,Kiefersfelden,
83093,Bad Endorf,
83098,Brannenburg,
83101,Rohrdorf,
83104,Tuntenhausen,
83109,Großkarolinenfeld,
83112,Frasdorf,
83115,Neubeuern,
83119,Obing,
83122,Samerberg,
83123,Amerang,
83125,Eggstätt,
83126,Flintsbach,
83128,Halfing,
83129,Höslwang,
83131,Nußdorf am Inn,
83132,Pittenhart,
83134,Prutting,
83135,Schechen,
83137,Schonstett,
83139,Söchtenau,
83209,Prien am Chiemsee,
83224,Grassau,
83228,Taunus BKK Versichertenservice,
83229,Aschau im Chiemgau,
83233,Bernau am Chiemsee,
83236,Übersee,
83242,Reit im Winkl,
83246,Unterwössen,
83250,Marquartstein,
83253,Rimsting,
83254,Breitbrunn am Chiemsee,
83256,Chiemsee,
83257,Gstadt am Chiemsee,
83259,Schleching,
83274,Agentur für Arbeit Traunstein,ndoshta Sonder-PLZ
83276,Stadtverwaltung,ndoshta Sonder-PLZ
83278,Traunstein,
83301,Traunreut,
83308,Trostberg,
83313,Siegsdorf,
83317,Teisendorf,
83324,Ruhpolding,
83329,Waging am See,
83334,Inzell,
83339,Chieming,
83342,Tacherting,
83344,Bergen,
83346,Bergen,
83349,Palling,
83352,Altenmarkt an der Alz,
83355,Grabenstätt,
83358,Seeon-Seebruck,
83359,Hallabruck,
83361,Kienberg,
83362,Surberg,
83364,Graben bei Neukirchen am Teisenberg,
83365,Nußdorf,
83367,Petting,
83368,"Anning bei Sankt Georgen, Chiemgau",
83370,Seeon-Seebruck,
83371,Roitham bei Stein an der Traun,
83373,Taching am See,
83374,Niedling,
83376,Castrum,
83377,Vachendorf,
83379,Wonneberg,
83394,MVS Mail & Vertriebsservice Ges.m.b.H.,
83395,Freilassing,
83404,Ainring,
83410,Laufen,
83413,Fridolfing,
83416,Saaldorf-Surheim,
83417,Kirchanschöring,
83435,Bad Reichenhall,
83451,Piding,
83454,Anger,
83457,Bayerisch Gmain,
83458,Schneizlreuth,
83471,Schönau am Königssee,
83483,Bischofswiesen,
83486,Ramsau,
83487,Marktschellenberg,
83489,Strub,
83508,Rosenheim,
83512,Wasserburg am Inn,
83527,Haag in Oberbayern,ndoshta Sonder-PLZ
83530,Schnaitsee,
83533,Edling,
83536,Gars am Inn,
83539,Albaching,
83543,Rott am Inn,
83544,Albaching,
83546,"Biburg, Gemeinde Gars am Inn",
83547,Babensham,
83549,Eiselfing,
83550,Emmering,
83552,Durrhausen,
83553,Frauenneuharting,
83555,Haiden bei Gars Bahnhof,
83556,Griesstätt,
83558,Maitenbeth,
83559,"Reiser, Gemeinde Gars am Inn",
83561,Ramerberg,
83562,Rechtmehring,
83564,Soyen,
83565,"Ast, Gemeinde Frauenneuharting",
83567,Unterreit,
83569,Vogtareuth,
83607,Holzkirchen,
83620,Feldkirchen-Westerham,
83623,Dietramszell,
83624,Otterfing,
83626,Valley,
83627,Warngau,
83629,Weyarn,
83646,Wackersberg,
83661,Lenggries,
83666,Waakirchen,
83670,Bad Heilbrunn,
83671,Benediktbeuern,
83673,Bichl,
83674,Gaißach,
83676,Jachenau,
83677,Greiling,
83679,Sachsenkam,
83684,Tegernsee,
83700,Rottach-Egern,
83703,Gmund am Tegernsee,
83707,Bad Wiessee,
83708,Kreuth,
83714,Miesbach,
83727,Schliersee,
83730,Fischbachau,
83734,Hausham,
83735,Bayrischzell,
83737,Irschenberg,
83739,Hofreuth bei Wörnsmühl,
84018,Agentur für Arbeit Landshut,ndoshta Sonder-PLZ
84022,Kreisfreie Stadt Landshut,ndoshta Sonder-PLZ
84023,Regierung von Niederbayern,
84024,Deutsche Rentenversicherung Bayern Süd Landshut,ndoshta Sonder-PLZ
84026,Staatsoberkasse Landshut,
84028,Landshut,
84030,Ergolding,
84032,Altdorf,
84034,Landshut,
84036,Kumhausen,
84048,Mainburg,
84051,Essenbach,
84056,Rottenburg an der Laaber,
84061,Ergoldsbach,
84066,Mallersdorf-Pfaffenberg,
84069,Schierling,
84072,Au in der Hallertau,
84076,Pfeffenhausen,
84079,Bruckberg,
84082,Laberweinting,
84085,Langquaid,
84088,Neufahrn in Niederbayern,
84089,Aiglsbach,
84091,Attenhofen,
84092,Bayerbach,
84094,Elsendorf,
84095,Furth,
84097,Herrngiersdorf,
84098,Hohenthann,
84100,Niederaichbach,
84101,Obersüßbach,
84103,Postau,
84104,Rudelzhausen,
84106,Volkenschwand,
84107,Weihmichl,
84109,Wörth an der Isar,
84130,Dingolfing,
84137,Vilsbiburg,
84140,Gangkofen,
84144,Geisenhausen,
84149,Velden,
84152,Mengkofen,
84155,Bodenkirchen,
84160,Frontenhausen,
84162,mhplus,
84163,Marklkofen,
84164,Moosthenning,
84166,Adlkofen,
84168,Aham,
84169,Altfraunhofen,
84171,Baierbach,
84172,Buch am Erlbach,
84174,Eching,
84175,Schalkham,
84177,Gottfrieding,
84178,Kröning,
84180,Loiching,
84181,Neufraunhofen,
84183,Niederviehbach,
84184,Tiefenbach,
84186,Vilsheim,
84187,Weng,
84189,Wurmsham,
84307,Eggenfelden,
84323,Massing,
84326,Falkenberg,
84329,Wurmannsquick,
84332,Hebertsfelden,
84333,Malgersdorf,
84335,Mitterskirchen,
84337,Schönau,
84339,Unterdietfurt,
84347,Pfarrkirchen,
84359,Simbach am Inn,
84364,Bad Birnbach,
84367,Tann,
84371,Triftern,
84375,Kirchdorf am Inn,
84378,Dietersburg,
84381,Johanniskirchen,
84384,Wittibreut,
84385,Egglham,
84387,Julbach,
84389,Postmünster,
84405,Dorfen,
84416,Taufkirchen (Vils),
84419,Obertaufkirchen,
84424,Isen,
84427,Sankt Wolfgang,
84428,Buchbach,
84431,Heldenstein,
84432,Hohenpolding,
84434,Kirchberg,
84435,Lengdorf,
84437,Reichertsheim,
84439,Steinkirchen,
84453,Mühldorf am Inn,
84478,Waldkraiburg,
84489,Burghausen,
84494,Niederbergkirchen,
84503,Altötting,
84508,Burgkirchen an der Alz,
84513,Töging am Inn,
84518,Garching an der Alz,
84524,Neuötting,
84529,Tittmoning,
84533,Haiming,
84539,Zangberg,
84543,Winhöring,
84544,Aschau am Inn,
84546,Egglkofen,
84547,Emmerting,
84549,Engelsberg,
84550,Feichten an der Alz,
84552,Geratskirchen,
84553,"Halsbach, Kreis Altötting",
84555,Jettenbach,
84556,Kastl,
84558,Halsbach,
84559,Kraiburg am Inn,
84561,Mehring,
84562,Mettenheim,
84564,Oberbergkirchen,
84565,Oberneukirchen,
84567,Perach,
84568,Pleiskirchen,
84570,Polling,
84571,Reischach,
84573,Schönberg,
84574,Taufkirchen,
84576,Teising,
84577,Tüßling,
84579,Unterneukirchen,
85037,Agentur für Arbeit Ingolstadt,ndoshta Sonder-PLZ
85046,Finanzamt München / Abr. III BASt Ingolstadt,ndoshta Sonder-PLZ
85047,Stadt Ingolstadt,
85049,Ingolstadt,
85051,Ingolstadt,
85053,Ingolstadt,
85055,Ingolstadt,
85057,Ingolstadt,
85071,Universitätsbibliothek,ndoshta Sonder-PLZ
85072,Eichstätt,
85077,Manching,
85080,Gaimersheim,
85084,Reichertshofen,
85088,Vohburg an der Donau,
85092,Kösching,
85095,Denkendorf,
85098,Großmehring,
85101,Lenting,
85104,Pförring,
85107,Baar-Ebenhausen,
85110,Kipfenberg,
85111,Adelschlag,
85113,Böhmfeld,
85114,Buxheim,
85116,Egweil,
85117,Eitensheim,
85119,Ernsgaden,
85120,Hepberg,
85122,Hitzhofen,
85123,Karlskron,
85125,Kinding,
85126,Münchsmünster,
85128,Nassenfels,
85129,Oberdolling,
85131,Pollenfeld,
85132,Schernfeld,
85134,Stammham,
85135,Titting,
85137,Walting,
85139,Wettstetten,
85217,BKK ProVita,
85219,Sparkasse Dachau,ndoshta Sonder-PLZ
85221,Dachau,
85229,Markt Indersdorf,
85232,Bergkirchen,
85235,Pfaffenhofen an der Glonn,
85238,Petershausen,
85241,Hebertshausen,
85244,Röhrmoos,
85247,Schwabhausen,
85250,Altomünster,
85253,Erdweg,
85254,Sulzemoos,
85256,Vierkirchen,
85258,Weichs,
85259,Wiedenzhausen,
85273,Pfaffenhofen an der Ilm,
85276,Pfaffenhofen an der Ilm,
85283,Wolnzach,
85290,Geisenfeld,
85293,Reichertshausen,
85296,Rohrbach,
85298,Scheyern,
85301,Schweitenkirchen,
85302,Gerolsbach,
85304,Ilmmünster,
85305,Jetzendorf,
85307,Paunzhausen,
85309,Pörnbach,
85322,Agentur für Arbeit Freising,ndoshta Sonder-PLZ
85350,Landratsamt Freising,
85354,Freising,
85356,Freising,
85359,Freising,
85366,Sparkasse Freising Moosburg,ndoshta Sonder-PLZ
85368,Wang,
85374,Office Discount,
85375,Neufahrn bei Freising,
85376,Hetzenhausen,
85385,Gemeinde Eching,
85386,Eching,
85391,Allershausen,
85395,Attenkirchen,
85399,Hallbergmoos,
85402,Kranzberg,
85405,Nandlstadt,
85406,Zolling,
85408,Gammelsdorf,
85410,Haag an der Amper,ndoshta Sonder-PLZ
85411,Hohenkammer,
85413,Hörgertshausen,
85414,Kirchdorf an der Amper,
85416,Langenbach,
85417,Marzling,
85419,Mauern,
85435,Erding,
85445,Oberding,
85447,Fraunberg,
85452,Moosinning,
85456,Wartenberg,
85457,Wörth,
85459,Berglern,
85461,Bockhorn,
85462,Eitting,
85464,Finsing,
85465,Langenpreising,
85467,Neuching,
85469,Walpertskirchen,
85521,Ottobrunn,
85540,Haar,
85551,Kirchheim bei München,
85560,Ebersberg,
85567,Grafing bei München,
85570,Ottenhofen,
85577,Universität der Bundeswehr München,ndoshta Sonder-PLZ
85579,Neubiberg,
85586,Poing,
85591,Vaterstetten,
85598,Baldham,
85599,Parsdorf,
85604,Zorneding,
85608,Allianz Global Assistance International S.A. Deutschland,
85609,Aschheim,
85614,Kirchseeon,
85617,Aßling,
85622,Feldkirchen,
85625,Glonn,
85630,Grasbrunn,
85635,Höhenkirchen-Siegertsbrunn,
85639,München,
85640,Putzbrunn,
85643,Steinhöring,
85646,Anzing,
85649,Brunnthal,
85652,Pliening,
85653,Aying,
85655,Loibersdorf bei Großhelfendorf,
85656,Buch am Buchrain,
85658,Egmating,
85659,Forstern,
85661,Forstinning,
85662,Hohenbrunn,
85664,Hohenlinden,
85665,Moosach,
85667,Oberpframmern,
85669,Pastetten,
85711,Stadt Unterschleißheim,
85716,Unterschleißheim,
85736,München,
85737,Ismaning,
85746,München,
85747,Stadtverwaltung Garching b. München,ndoshta Sonder-PLZ
85748,Garching bei München,
85757,Karlsfeld,
85761,Helmholtz Zentrum München,
85762,Landesuntersuchungsamt für das Gesundheitswesen Südbayern,
85764,Oberschleißheim,
85769,München,
85770,München,
85773,Hollister Inc. NL Deutschland,
85774,Unterföhring,
85777,Fahrenzhausen,
85778,Haimhausen,
85821,Techniker Krankenkasse,
86121,HUK-Coburg,
86130,Kreisfreie Stadt Augsburg,ndoshta Sonder-PLZ
86131,Kreisfreie Stadt Augsburg,ndoshta Sonder-PLZ
86132,Berufsgenossenschaft Energie Textil Elektro Medienerzeugnisse,
86133,Kreisfreie Stadt Augsburg,ndoshta Sonder-PLZ
86134,AOK Bayern - Die Gesundheitskasse Direktion Augsburg,
86135,Finanzamt Augsburg-Stadt,ndoshta Sonder-PLZ
86136,Deutsch-Japanische Gesellschaft,
86140,Haus St. Ulrich Tagungs- u.Seelsorge- zentrum der Diözese Augsburg KdöR,
86141,Diözese Augsburg K.d.ö.R,
86142,Amtsgericht Augsburg,ndoshta Sonder-PLZ
86143,Stadt Augsburg,
86144,Finanzamt Augsburg-Land,ndoshta Sonder-PLZ
86145,Regierung von Schwaben,
86147,Landesamt für Finanzen-Dienstst.Augsburg Bezügestelle Besoldung / Arbeitnehmer,
86150,Augsburg,
86152,Augsburg,
86153,Augsburg,
86154,Augsburg,
86156,Augsburg,
86157,Augsburg,
86159,Augsburg,
86161,Augsburg,
86163,Augsburg,
86165,Augsburg,
86167,Augsburg,
86169,Augsburg,
86177,Bayerisches Landesamt für Umwelt,
86179,Augsburg,
86197,Staatsanwaltschaft Augsburg,
86199,Augsburg,
86216,Handwerkskammer für Schwaben,
86218,Agentur für Arbeit Augsburg,ndoshta Sonder-PLZ
86219,Kreisfreie Stadt Augsburg,ndoshta Sonder-PLZ
86220,Kreisfreie Stadt Augsburg,ndoshta Sonder-PLZ
86221,Kreisfreie Stadt Augsburg,ndoshta Sonder-PLZ
86222,Kreisfreie Stadt Augsburg,ndoshta Sonder-PLZ
86223,Deutsche Rentenversicherung Schwaben,ndoshta Sonder-PLZ
86225,Augsburg,
86226,BARMER,
86313,Stadt Friedberg,
86316,Friedberg,
86343,Königsbrunn,
86356,Neusäß,
86368,Gersthofen,
86379,Amt für Ländliche Entwicklung Schwaben,
86381,Krumbach,
86391,Stadtbergen,
86397,Augsburg,
86399,Bobingen,
86405,Meitingen,
86415,Mering,
86420,Diedorf,
86424,Dinkelscherben,
86436,Aichach-Friedberg,
86438,Kissing,
86441,Zusmarshausen,
86444,Affing,
86447,Todtenweis,
86450,Altenmünster,
86453,Dasing,
86456,Gablingen,
86459,Gessertshausen,
86462,Langweid am Lech,
86465,Heretsried,
86469,Günzburg,
86470,Thannhausen,
86473,Ziemetshausen,
86476,Neuburg an der Kammel,
86477,Adelsried,
86479,Aichen,
86480,Aletshausen,
86482,Aystetten,
86483,Balzhausen,
86485,Biberbach,
86486,Bonstetten,
86488,Breitenthal,
86489,Deisenhausen,
86491,Ebershausen,
86492,Egling an der Paar,
86494,Emersacker,
86495,Eurasburg,
86497,Horgau,
86498,Kettershausen,
86500,Kutzenhausen,
86502,Laugna,
86504,Merching,
86505,Münsterhausen,
86507,Kleinaitingen,
86508,Rehling,
86510,Ried,
86511,Schmiechen,
86513,Ursberg,
86514,Ustersbach,
86517,Wehringen,
86519,Wiesenbach,
86529,Schrobenhausen,
86551,Aichach,
86554,Pöttmes,
86556,Kühbach,
86558,Hohenwart,
86559,Adelzhausen,
86561,Aresing,
86562,Berg im Gau,
86564,Brunnen,
86565,Gachenbach,
86567,Hilgertshausen-Tandern,
86568,Hollenbach,
86570,Inchenhofen,
86571,Langenmosen,
86573,Obergriesbach,
86574,Petersdorf,
86576,Schiltberg,
86577,Sielenbach,
86579,Waidhofen,
86606,Agentur für Arbeit Donauwörth,ndoshta Sonder-PLZ
86607,Raiffeisen - Volksbank Donauwörth eG,
86609,Donauwörth,
86633,Neuburg an der Donau,
86637,Wertingen,
86640,Donau-Ries,
86641,Rain,
86643,Rennertshofen,
86646,Erwin Müller,
86647,Buttenwiesen,
86650,Wemding,
86652,Donau-Ries,
86653,Monheim,
86655,Harburg,
86657,Bissingen,
86660,Tapfheim,
86663,Asbach-Bäumenheim,
86666,Burgheim,
86668,Karlshuld,
86669,Königsmoos,
86672,Thierhaupten,
86673,Bergheim,
86674,Baar,
86675,Buchdorf,
86676,Ehekirchen,
86678,Ehingen,
86679,Ellgau,
86681,Fünfstetten,
86682,Genderkingen,
86684,Holzheim,
86685,Huisheim,
86687,Kaisheim,
86688,Marxheim,
86690,Mertingen,
86692,Münster,
86694,Niederschönenfeld,
86695,Allmannshofen,
86697,Oberhausen,
86698,Oberndorf am Lech,
86700,Otting,
86701,Rohrenfels,
86703,Rögling,
86704,Tagmersheim,
86706,Weichering,
86707,Westendorf,
86709,Wolferstadt,
86720,Nördlingen,
86732,Oettingen in Bayern,
86733,Alerheim,
86735,Forheim,
86736,Auhausen,
86738,Deiningen,
86739,Ederheim,
86741,Ehingen am Ries,
86742,Fremdingen,
86744,Hainsfarth,
86745,Hohenaltheim,
86747,Maihingen,
86748,Marktoffingen,
86750,Megesheim,
86751,Mönchsdeggingen,
86753,Möttingen,
86754,Munningen,
86756,Reimlingen,
86757,Wallerstein,
86759,Wechingen,
86807,Buchloe,
86825,Bad Wörishofen,
86830,Schwabmünchen,
86833,Ettringen,
86836,Obermeitingen,
86842,Türkheim,
86845,Großaitingen,
86850,Fischach,
86853,Langerringen,
86854,Amberg,
86856,Hiltenfingen,
86857,Hurlach,
86859,Igling,
86860,Jengen,
86862,Lamerdingen,
86863,Langenneufnach,
86865,Markt Wald,
86866,Mickhausen,
86868,Mittelneufnach,
86869,Oberostendorf,
86871,Rammingen,
86872,Scherstetten,
86874,Tussenhausen,
86875,Waal,
86877,Walkertshofen,
86879,Wiedergeltingen,
86894,Landsberg am Lech,
86895,Landsberg am Lech,
86896,Finanzamt Landsberg am Lech,ndoshta Sonder-PLZ
86899,Landsberg am Lech,
86911,Dießen am Ammersee,
86915,Hilti,
86916,Kaufering,
86919,Utting am Ammersee,
86920,Denklingen,
86922,Eresing,
86923,Finning,
86925,Fuchstal,
86926,Greifenberg,
86928,Hofstetten,
86929,Penzing,
86931,Prittriching,
86932,Pürgen,
86934,Reichling,
86935,Rott,
86937,Scheuring,
86938,Schondorf am Ammersee,
86940,Schwifting,
86941,Sankt Ottilien,
86943,Thaining,
86944,Unterdießen,
86946,Vilgertshofen,
86947,Weil,
86949,Windach,
86956,Schongau,
86971,Peiting,
86972,Altenstadt,
86974,Apfeldorf,
86975,Bernbeuren,
86977,Burggen,
86978,Hohenfurch,
86980,Ingenried,
86981,Kinsau,
86983,Lechbruck,
86984,Prem,
86986,Schwabbruck,
86987,Schwabsoien,
86989,Steingaden,
