Postleitzahl,Stadt/Ort,Bundesland
40210,Düsseldorf,Nordrhein-Westfalen
40211,Düsseldorf,Nordrhein-Westfalen
40212,Düsseldorf,Nordrhein-Westfalen
40213,Düsseldorf,Nordrhein-Westfalen
40214,Düsseldorf,Nordrhein-Westfalen
40215,Düsseldorf,Nordrhein-Westfalen
40216,Düsseldorf,Nordrhein-Westfalen
40217,Düsseldorf,Nordrhein-Westfalen
40218,Düsseldorf,Nordrhein-Westfalen
40219,Düsseldorf,Nordrhein-Westfalen
40220,Düsseldorf,Nordrhein-Westfalen
40221,Düsseldorf,Nordrhein-Westfalen
40222,Düsseldorf,Nordrhein-Westfalen
40223,Düsseldorf,Nordrhein-Westfalen
40224,Düsseldorf,Nordrhein-Westfalen
40225,Düsseldorf,Nordrhein-Westfalen
40226,Düsseldorf,Nordrhein-Westfalen
40227,Düsseldorf,Nordrhein-Westfalen
40228,Düsseldorf,Nordrhein-Westfalen
40229,Düsseldorf,Nordrhein-Westfalen
40230,Düsseldorf,Nordrhein-Westfalen
40231,Düsseldorf,Nordrhein-Westfalen
40232,Düsseldorf,Nordrhein-Westfalen
40233,Düsseldorf,Nordrhein-Westfalen
40234,Düsseldorf,Nordrhein-Westfalen
40235,Düsseldorf,Nordrhein-Westfalen
40236,Düsseldorf,Nordrhein-Westfalen
40237,Düsseldorf,Nordrhein-Westfalen
40238,Düsseldorf,Nordrhein-Westfalen
40468,Düsseldorf,Nordrhein-Westfalen
40469,Düsseldorf,Nordrhein-Westfalen
40470,Düsseldorf,Nordrhein-Westfalen
40471,Düsseldorf,Nordrhein-Westfalen
40472,Düsseldorf,Nordrhein-Westfalen
40473,Düsseldorf,Nordrhein-Westfalen
40474,Düsseldorf,Nordrhein-Westfalen
40475,Düsseldorf,Nordrhein-Westfalen
40476,Düsseldorf,Nordrhein-Westfalen
40477,Düsseldorf,Nordrhein-Westfalen
40478,Düsseldorf,Nordrhein-Westfalen
40479,Düsseldorf,Nordrhein-Westfalen
40480,Düsseldorf,Nordrhein-Westfalen
40481,Düsseldorf,Nordrhein-Westfalen
40482,Düsseldorf,Nordrhein-Westfalen
40483,Düsseldorf,Nordrhein-Westfalen
40484,Düsseldorf,Nordrhein-Westfalen
40485,Düsseldorf,Nordrhein-Westfalen
40486,Düsseldorf,Nordrhein-Westfalen
40487,Düsseldorf,Nordrhein-Westfalen
40488,Düsseldorf,Nordrhein-Westfalen
40545,Düsseldorf,Nordrhein-Westfalen
40546,Düsseldorf,Nordrhein-Westfalen
40547,Düsseldorf,Nordrhein-Westfalen
40548,Düsseldorf,Nordrhein-Westfalen
40549,Düsseldorf,Nordrhein-Westfalen
40550,Düsseldorf,Nordrhein-Westfalen
40551,Düsseldorf,Nordrhein-Westfalen
40552,Düsseldorf,Nordrhein-Westfalen
40553,Düsseldorf,Nordrhein-Westfalen
40554,Düsseldorf,Nordrhein-Westfalen
40555,Düsseldorf,Nordrhein-Westfalen
40556,Düsseldorf,Nordrhein-Westfalen
40557,Düsseldorf,Nordrhein-Westfalen
40558,Düsseldorf,Nordrhein-Westfalen
40559,Düsseldorf,Nordrhein-Westfalen
40560,Düsseldorf,Nordrhein-Westfalen
40561,Düsseldorf,Nordrhein-Westfalen
40562,Düsseldorf,Nordrhein-Westfalen
40563,Düsseldorf,Nordrhein-Westfalen
40564,Düsseldorf,Nordrhein-Westfalen
40565,Düsseldorf,Nordrhein-Westfalen
40566,Düsseldorf,Nordrhein-Westfalen
40567,Düsseldorf,Nordrhein-Westfalen
40568,Düsseldorf,Nordrhein-Westfalen
40569,Düsseldorf,Nordrhein-Westfalen
40570,Düsseldorf,Nordrhein-Westfalen
40571,Düsseldorf,Nordrhein-Westfalen
40572,Düsseldorf,Nordrhein-Westfalen
40573,Düsseldorf,Nordrhein-Westfalen
40574,Düsseldorf,Nordrhein-Westfalen
40575,Düsseldorf,Nordrhein-Westfalen
40576,Düsseldorf,Nordrhein-Westfalen
40577,Düsseldorf,Nordrhein-Westfalen
40578,Düsseldorf,Nordrhein-Westfalen
40579,Düsseldorf,Nordrhein-Westfalen
40580,Düsseldorf,Nordrhein-Westfalen
40581,Düsseldorf,Nordrhein-Westfalen
40582,Düsseldorf,Nordrhein-Westfalen
40583,Düsseldorf,Nordrhein-Westfalen
40584,Düsseldorf,Nordrhein-Westfalen
40585,Düsseldorf,Nordrhein-Westfalen
40586,Düsseldorf,Nordrhein-Westfalen
40587,Düsseldorf,Nordrhein-Westfalen
40588,Düsseldorf,Nordrhein-Westfalen
40589,Düsseldorf,Nordrhein-Westfalen
40590,Düsseldorf,Nordrhein-Westfalen
40591,Düsseldorf,Nordrhein-Westfalen
40592,Düsseldorf,Nordrhein-Westfalen
40593,Düsseldorf,Nordrhein-Westfalen
40594,Düsseldorf,Nordrhein-Westfalen
40595,Düsseldorf,Nordrhein-Westfalen
40596,Düsseldorf,Nordrhein-Westfalen
40597,Düsseldorf,Nordrhein-Westfalen
40598,Düsseldorf,Nordrhein-Westfalen
40625,Düsseldorf,Nordrhein-Westfalen
40627,Düsseldorf,Nordrhein-Westfalen
40629,Düsseldorf,Nordrhein-Westfalen
40667,Meerbusch,Nordrhein-Westfalen
40668,Meerbusch,Nordrhein-Westfalen
40669,Meerbusch,Nordrhein-Westfalen
40670,Meerbusch,Nordrhein-Westfalen
40721,Hilden,Nordrhein-Westfalen
40722,Hilden,Nordrhein-Westfalen
40723,Hilden,Nordrhein-Westfalen
40724,Hilden,Nordrhein-Westfalen
40764,Langenfeld,Nordrhein-Westfalen
40789,Monheim am Rhein,Nordrhein-Westfalen
40822,Mettmann,Nordrhein-Westfalen
40823,Mettmann,Nordrhein-Westfalen
40824,Mettmann,Nordrhein-Westfalen
40878,Ratingen,Nordrhein-Westfalen
40879,Ratingen,Nordrhein-Westfalen
40880,Ratingen,Nordrhein-Westfalen
40881,Ratingen,Nordrhein-Westfalen
40882,Ratingen,Nordrhein-Westfalen
40883,Ratingen,Nordrhein-Westfalen
40884,Ratingen,Nordrhein-Westfalen
40885,Ratingen,Nordrhein-Westfalen
41061,Mönchengladbach,Nordrhein-Westfalen
41062,Mönchengladbach,Nordrhein-Westfalen
41063,Mönchengladbach,Nordrhein-Westfalen
41064,Mönchengladbach,Nordrhein-Westfalen
41065,Mönchengladbach,Nordrhein-Westfalen
41066,Mönchengladbach,Nordrhein-Westfalen
41067,Mönchengladbach,Nordrhein-Westfalen
41068,Mönchengladbach,Nordrhein-Westfalen
41169,Mönchengladbach,Nordrhein-Westfalen
41170,Mönchengladbach,Nordrhein-Westfalen
41171,Mönchengladbach,Nordrhein-Westfalen
41172,Mönchengladbach,Nordrhein-Westfalen
41173,Mönchengladbach,Nordrhein-Westfalen
41174,Mönchengladbach,Nordrhein-Westfalen
41175,Mönchengladbach,Nordrhein-Westfalen
41176,Mönchengladbach,Nordrhein-Westfalen
41177,Mönchengladbach,Nordrhein-Westfalen
41178,Mönchengladbach,Nordrhein-Westfalen
41179,Mönchengladbach,Nordrhein-Westfalen
41180,Mönchengladbach,Nordrhein-Westfalen
41181,Mönchengladbach,Nordrhein-Westfalen
41182,Mönchengladbach,Nordrhein-Westfalen
41183,Mönchengladbach,Nordrhein-Westfalen
41184,Mönchengladbach,Nordrhein-Westfalen
41185,Mönchengladbach,Nordrhein-Westfalen
41186,Mönchengladbach,Nordrhein-Westfalen
41187,Mönchengladbach,Nordrhein-Westfalen
41188,Mönchengladbach,Nordrhein-Westfalen
41189,Mönchengladbach,Nordrhein-Westfalen
41190,Mönchengladbach,Nordrhein-Westfalen
41191,Mönchengladbach,Nordrhein-Westfalen
41192,Mönchengladbach,Nordrhein-Westfalen
41193,Mönchengladbach,Nordrhein-Westfalen
41194,Mönchengladbach,Nordrhein-Westfalen
41195,Mönchengladbach,Nordrhein-Westfalen
41196,Mönchengladbach,Nordrhein-Westfalen
41197,Mönchengladbach,Nordrhein-Westfalen
41198,Mönchengladbach,Nordrhein-Westfalen
41460,Neuss,Nordrhein-Westfalen
41461,Neuss,Nordrhein-Westfalen
41462,Neuss,Nordrhein-Westfalen
41463,Neuss,Nordrhein-Westfalen
41464,Neuss,Nordrhein-Westfalen
41465,Neuss,Nordrhein-Westfalen
41466,Neuss,Nordrhein-Westfalen
41467,Neuss,Nordrhein-Westfalen
41468,Neuss,Nordrhein-Westfalen
41469,Neuss,Nordrhein-Westfalen
41470,Neuss,Nordrhein-Westfalen
41471,Neuss,Nordrhein-Westfalen
41472,Neuss,Nordrhein-Westfalen
41539,Dormagen,Nordrhein-Westfalen
41540,Dormagen,Nordrhein-Westfalen
41541,Dormagen,Nordrhein-Westfalen
41542,Dormagen,Nordrhein-Westfalen
41564,Kaarst,Nordrhein-Westfalen
42103,Wuppertal,Nordrhein-Westfalen
42104,Wuppertal,Nordrhein-Westfalen
42105,Wuppertal,Nordrhein-Westfalen
42106,Wuppertal,Nordrhein-Westfalen
42107,Wuppertal,Nordrhein-Westfalen
42108,Wuppertal,Nordrhein-Westfalen
42109,Wuppertal,Nordrhein-Westfalen
42110,Wuppertal,Nordrhein-Westfalen
42111,Wuppertal,Nordrhein-Westfalen
42112,Wuppertal,Nordrhein-Westfalen
42113,Wuppertal,Nordrhein-Westfalen
42114,Wuppertal,Nordrhein-Westfalen
42115,Wuppertal,Nordrhein-Westfalen
42116,Wuppertal,Nordrhein-Westfalen
42117,Wuppertal,Nordrhein-Westfalen
42118,Wuppertal,Nordrhein-Westfalen
42275,Wuppertal,Nordrhein-Westfalen
42276,Wuppertal,Nordrhein-Westfalen
42277,Wuppertal,Nordrhein-Westfalen
42278,Wuppertal,Nordrhein-Westfalen
42279,Wuppertal,Nordrhein-Westfalen
42280,Wuppertal,Nordrhein-Westfalen
42281,Wuppertal,Nordrhein-Westfalen
42282,Wuppertal,Nordrhein-Westfalen
42283,Wuppertal,Nordrhein-Westfalen
42284,Wuppertal,Nordrhein-Westfalen
42285,Wuppertal,Nordrhein-Westfalen
42286,Wuppertal,Nordrhein-Westfalen
42287,Wuppertal,Nordrhein-Westfalen
42288,Wuppertal,Nordrhein-Westfalen
42651,Solingen,Nordrhein-Westfalen
42652,Solingen,Nordrhein-Westfalen
42653,Solingen,Nordrhein-Westfalen
42654,Solingen,Nordrhein-Westfalen
42655,Solingen,Nordrhein-Westfalen
42656,Solingen,Nordrhein-Westfalen
42657,Solingen,Nordrhein-Westfalen
42658,Solingen,Nordrhein-Westfalen
42659,Solingen,Nordrhein-Westfalen
42660,Solingen,Nordrhein-Westfalen
42661,Solingen,Nordrhein-Westfalen
42662,Solingen,Nordrhein-Westfalen
42663,Solingen,Nordrhein-Westfalen
42664,Solingen,Nordrhein-Westfalen
42665,Solingen,Nordrhein-Westfalen
42666,Solingen,Nordrhein-Westfalen
42667,Solingen,Nordrhein-Westfalen
42668,Solingen,Nordrhein-Westfalen
42669,Solingen,Nordrhein-Westfalen
42670,Solingen,Nordrhein-Westfalen
42671,Solingen,Nordrhein-Westfalen
42672,Solingen,Nordrhein-Westfalen
42673,Solingen,Nordrhein-Westfalen
42674,Solingen,Nordrhein-Westfalen
42675,Solingen,Nordrhein-Westfalen
42676,Solingen,Nordrhein-Westfalen
42677,Solingen,Nordrhein-Westfalen
42678,Solingen,Nordrhein-Westfalen
42679,Solingen,Nordrhein-Westfalen
42680,Solingen,Nordrhein-Westfalen
42681,Solingen,Nordrhein-Westfalen
42682,Solingen,Nordrhein-Westfalen
42683,Solingen,Nordrhein-Westfalen
42684,Solingen,Nordrhein-Westfalen
42685,Solingen,Nordrhein-Westfalen
42686,Solingen,Nordrhein-Westfalen
42687,Solingen,Nordrhein-Westfalen
42688,Solingen,Nordrhein-Westfalen
42689,Solingen,Nordrhein-Westfalen
42690,Solingen,Nordrhein-Westfalen
42691,Solingen,Nordrhein-Westfalen
42692,Solingen,Nordrhein-Westfalen
42693,Solingen,Nordrhein-Westfalen
42694,Solingen,Nordrhein-Westfalen
42695,Solingen,Nordrhein-Westfalen
42696,Solingen,Nordrhein-Westfalen
42697,Solingen,Nordrhein-Westfalen
42698,Solingen,Nordrhein-Westfalen
42853,Remscheid,Nordrhein-Westfalen
42854,Remscheid,Nordrhein-Westfalen
42855,Remscheid,Nordrhein-Westfalen
42856,Remscheid,Nordrhein-Westfalen
42857,Remscheid,Nordrhein-Westfalen
42858,Remscheid,Nordrhein-Westfalen
42859,Remscheid,Nordrhein-Westfalen
42860,Remscheid,Nordrhein-Westfalen
42861,Remscheid,Nordrhein-Westfalen
42862,Remscheid,Nordrhein-Westfalen
42863,Remscheid,Nordrhein-Westfalen
42864,Remscheid,Nordrhein-Westfalen
42865,Remscheid,Nordrhein-Westfalen
42866,Remscheid,Nordrhein-Westfalen
42867,Remscheid,Nordrhein-Westfalen
42868,Remscheid,Nordrhein-Westfalen
42869,Remscheid,Nordrhein-Westfalen
42870,Remscheid,Nordrhein-Westfalen
42871,Remscheid,Nordrhein-Westfalen
42872,Remscheid,Nordrhein-Westfalen
42873,Remscheid,Nordrhein-Westfalen
42874,Remscheid,Nordrhein-Westfalen
42875,Remscheid,Nordrhein-Westfalen
42876,Remscheid,Nordrhein-Westfalen
42877,Remscheid,Nordrhein-Westfalen
42878,Remscheid,Nordrhein-Westfalen
42879,Remscheid,Nordrhein-Westfalen
42880,Remscheid,Nordrhein-Westfalen
42881,Remscheid,Nordrhein-Westfalen
42882,Remscheid,Nordrhein-Westfalen
42883,Remscheid,Nordrhein-Westfalen
42884,Remscheid,Nordrhein-Westfalen
42885,Remscheid,Nordrhein-Westfalen
42886,Remscheid,Nordrhein-Westfalen
42887,Remscheid,Nordrhein-Westfalen
42888,Remscheid,Nordrhein-Westfalen
42889,Remscheid,Nordrhein-Westfalen
42890,Remscheid,Nordrhein-Westfalen
42891,Remscheid,Nordrhein-Westfalen
42892,Remscheid,Nordrhein-Westfalen
42893,Remscheid,Nordrhein-Westfalen
42894,Remscheid,Nordrhein-Westfalen
42895,Remscheid,Nordrhein-Westfalen
42896,Remscheid,Nordrhein-Westfalen
42897,Remscheid,Nordrhein-Westfalen
42898,Remscheid,Nordrhein-Westfalen
44135,Dortmund,Nordrhein-Westfalen
44136,Dortmund,Nordrhein-Westfalen
44137,Dortmund,Nordrhein-Westfalen
44138,Dortmund,Nordrhein-Westfalen
44139,Dortmund,Nordrhein-Westfalen
44140,Dortmund,Nordrhein-Westfalen
44141,Dortmund,Nordrhein-Westfalen
44142,Dortmund,Nordrhein-Westfalen
44143,Dortmund,Nordrhein-Westfalen
44144,Dortmund,Nordrhein-Westfalen
44145,Dortmund,Nordrhein-Westfalen
44146,Dortmund,Nordrhein-Westfalen
44147,Dortmund,Nordrhein-Westfalen
44148,Dortmund,Nordrhein-Westfalen
44225,Dortmund,Nordrhein-Westfalen
44226,Dortmund,Nordrhein-Westfalen
44227,Dortmund,Nordrhein-Westfalen
44228,Dortmund,Nordrhein-Westfalen
44229,Dortmund,Nordrhein-Westfalen
44230,Dortmund,Nordrhein-Westfalen
44231,Dortmund,Nordrhein-Westfalen
44232,Dortmund,Nordrhein-Westfalen
44233,Dortmund,Nordrhein-Westfalen
44234,Dortmund,Nordrhein-Westfalen
44235,Dortmund,Nordrhein-Westfalen
44236,Dortmund,Nordrhein-Westfalen
44237,Dortmund,Nordrhein-Westfalen
44238,Dortmund,Nordrhein-Westfalen
44239,Dortmund,Nordrhein-Westfalen
44240,Dortmund,Nordrhein-Westfalen
44241,Dortmund,Nordrhein-Westfalen
44242,Dortmund,Nordrhein-Westfalen
44243,Dortmund,Nordrhein-Westfalen
44244,Dortmund,Nordrhein-Westfalen
44245,Dortmund,Nordrhein-Westfalen
44246,Dortmund,Nordrhein-Westfalen
44247,Dortmund,Nordrhein-Westfalen
44248,Dortmund,Nordrhein-Westfalen
44249,Dortmund,Nordrhein-Westfalen
44250,Dortmund,Nordrhein-Westfalen
44251,Dortmund,Nordrhein-Westfalen
44252,Dortmund,Nordrhein-Westfalen
44253,Dortmund,Nordrhein-Westfalen
44254,Dortmund,Nordrhein-Westfalen
44255,Dortmund,Nordrhein-Westfalen
44256,Dortmund,Nordrhein-Westfalen
44257,Dortmund,Nordrhein-Westfalen
44258,Dortmund,Nordrhein-Westfalen
44259,Dortmund,Nordrhein-Westfalen
44260,Dortmund,Nordrhein-Westfalen
44261,Dortmund,Nordrhein-Westfalen
44262,Dortmund,Nordrhein-Westfalen
44263,Dortmund,Nordrhein-Westfalen
44264,Dortmund,Nordrhein-Westfalen
44265,Dortmund,Nordrhein-Westfalen
44266,Dortmund,Nordrhein-Westfalen
44267,Dortmund,Nordrhein-Westfalen
44268,Dortmund,Nordrhein-Westfalen
44269,Dortmund,Nordrhein-Westfalen
44270,Dortmund,Nordrhein-Westfalen
44271,Dortmund,Nordrhein-Westfalen
44272,Dortmund,Nordrhein-Westfalen
44273,Dortmund,Nordrhein-Westfalen
44274,Dortmund,Nordrhein-Westfalen
44275,Dortmund,Nordrhein-Westfalen
44276,Dortmund,Nordrhein-Westfalen
44277,Dortmund,Nordrhein-Westfalen
44278,Dortmund,Nordrhein-Westfalen
44279,Dortmund,Nordrhein-Westfalen
44280,Dortmund,Nordrhein-Westfalen
44281,Dortmund,Nordrhein-Westfalen
44282,Dortmund,Nordrhein-Westfalen
44283,Dortmund,Nordrhein-Westfalen
44284,Dortmund,Nordrhein-Westfalen
44285,Dortmund,Nordrhein-Westfalen
44286,Dortmund,Nordrhein-Westfalen
44287,Dortmund,Nordrhein-Westfalen
44288,Dortmund,Nordrhein-Westfalen
44289,Dortmund,Nordrhein-Westfalen
44290,Dortmund,Nordrhein-Westfalen
44291,Dortmund,Nordrhein-Westfalen
44292,Dortmund,Nordrhein-Westfalen
44293,Dortmund,Nordrhein-Westfalen
44294,Dortmund,Nordrhein-Westfalen
44295,Dortmund,Nordrhein-Westfalen
44296,Dortmund,Nordrhein-Westfalen
44297,Dortmund,Nordrhein-Westfalen
44298,Dortmund,Nordrhein-Westfalen
44299,Dortmund,Nordrhein-Westfalen
44300,Dortmund,Nordrhein-Westfalen
44301,Dortmund,Nordrhein-Westfalen
44302,Dortmund,Nordrhein-Westfalen
44303,Dortmund,Nordrhein-Westfalen
44304,Dortmund,Nordrhein-Westfalen
44305,Dortmund,Nordrhein-Westfalen
44306,Dortmund,Nordrhein-Westfalen
44307,Dortmund,Nordrhein-Westfalen
44308,Dortmund,Nordrhein-Westfalen
44309,Dortmund,Nordrhein-Westfalen
44310,Dortmund,Nordrhein-Westfalen
44311,Dortmund,Nordrhein-Westfalen
44312,Dortmund,Nordrhein-Westfalen
44313,Dortmund,Nordrhein-Westfalen
44314,Dortmund,Nordrhein-Westfalen
44315,Dortmund,Nordrhein-Westfalen
44316,Dortmund,Nordrhein-Westfalen
44317,Dortmund,Nordrhein-Westfalen
44318,Dortmund,Nordrhein-Westfalen
44319,Dortmund,Nordrhein-Westfalen
44320,Dortmund,Nordrhein-Westfalen
44321,Dortmund,Nordrhein-Westfalen
44322,Dortmund,Nordrhein-Westfalen
44323,Dortmund,Nordrhein-Westfalen
44324,Dortmund,Nordrhein-Westfalen
44325,Dortmund,Nordrhein-Westfalen
44326,Dortmund,Nordrhein-Westfalen
44327,Dortmund,Nordrhein-Westfalen
44328,Dortmund,Nordrhein-Westfalen
44329,Dortmund,Nordrhein-Westfalen
44330,Dortmund,Nordrhein-Westfalen
44331,Dortmund,Nordrhein-Westfalen
44332,Dortmund,Nordrhein-Westfalen
44333,Dortmund,Nordrhein-Westfalen
44334,Dortmund,Nordrhein-Westfalen
44335,Dortmund,Nordrhein-Westfalen
44336,Dortmund,Nordrhein-Westfalen
44337,Dortmund,Nordrhein-Westfalen
44338,Dortmund,Nordrhein-Westfalen
44339,Dortmund,Nordrhein-Westfalen
44340,Dortmund,Nordrhein-Westfalen
44341,Dortmund,Nordrhein-Westfalen
44342,Dortmund,Nordrhein-Westfalen
44343,Dortmund,Nordrhein-Westfalen
44344,Dortmund,Nordrhein-Westfalen
44345,Dortmund,Nordrhein-Westfalen
44346,Dortmund,Nordrhein-Westfalen
44347,Dortmund,Nordrhein-Westfalen
44348,Dortmund,Nordrhein-Westfalen
44349,Dortmund,Nordrhein-Westfalen
44350,Dortmund,Nordrhein-Westfalen
44351,Dortmund,Nordrhein-Westfalen
44352,Dortmund,Nordrhein-Westfalen
44353,Dortmund,Nordrhein-Westfalen
44354,Dortmund,Nordrhein-Westfalen
44355,Dortmund,Nordrhein-Westfalen
44356,Dortmund,Nordrhein-Westfalen
44357,Dortmund,Nordrhein-Westfalen
44358,Dortmund,Nordrhein-Westfalen
44359,Dortmund,Nordrhein-Westfalen
44360,Dortmund,Nordrhein-Westfalen
44361,Dortmund,Nordrhein-Westfalen
44362,Dortmund,Nordrhein-Westfalen
44363,Dortmund,Nordrhein-Westfalen
44364,Dortmund,Nordrhein-Westfalen
44365,Dortmund,Nordrhein-Westfalen
44366,Dortmund,Nordrhein-Westfalen
44367,Dortmund,Nordrhein-Westfalen
44368,Dortmund,Nordrhein-Westfalen
44369,Dortmund,Nordrhein-Westfalen
44370,Dortmund,Nordrhein-Westfalen
44371,Dortmund,Nordrhein-Westfalen
44372,Dortmund,Nordrhein-Westfalen
44373,Dortmund,Nordrhein-Westfalen
44374,Dortmund,Nordrhein-Westfalen
44375,Dortmund,Nordrhein-Westfalen
44376,Dortmund,Nordrhein-Westfalen
44377,Dortmund,Nordrhein-Westfalen
44378,Dortmund,Nordrhein-Westfalen
44379,Dortmund,Nordrhein-Westfalen
44380,Dortmund,Nordrhein-Westfalen
44381,Dortmund,Nordrhein-Westfalen
44382,Dortmund,Nordrhein-Westfalen
44383,Dortmund,Nordrhein-Westfalen
44384,Dortmund,Nordrhein-Westfalen
44385,Dortmund,Nordrhein-Westfalen
44386,Dortmund,Nordrhein-Westfalen
44387,Dortmund,Nordrhein-Westfalen
44388,Dortmund,Nordrhein-Westfalen
44787,Bochum,Nordrhein-Westfalen
44788,Bochum,Nordrhein-Westfalen
44789,Bochum,Nordrhein-Westfalen
44790,Bochum,Nordrhein-Westfalen
44791,Bochum,Nordrhein-Westfalen
44792,Bochum,Nordrhein-Westfalen
44793,Bochum,Nordrhein-Westfalen
44794,Bochum,Nordrhein-Westfalen
44795,Bochum,Nordrhein-Westfalen
44796,Bochum,Nordrhein-Westfalen
44797,Bochum,Nordrhein-Westfalen
44798,Bochum,Nordrhein-Westfalen
44799,Bochum,Nordrhein-Westfalen
44800,Bochum,Nordrhein-Westfalen
44801,Bochum,Nordrhein-Westfalen
44802,Bochum,Nordrhein-Westfalen
44803,Bochum,Nordrhein-Westfalen
44804,Bochum,Nordrhein-Westfalen
44805,Bochum,Nordrhein-Westfalen
44806,Bochum,Nordrhein-Westfalen
44807,Bochum,Nordrhein-Westfalen
44808,Bochum,Nordrhein-Westfalen
44809,Bochum,Nordrhein-Westfalen
44810,Bochum,Nordrhein-Westfalen
44811,Bochum,Nordrhein-Westfalen
44812,Bochum,Nordrhein-Westfalen
44813,Bochum,Nordrhein-Westfalen
44814,Bochum,Nordrhein-Westfalen
44815,Bochum,Nordrhein-Westfalen
44816,Bochum,Nordrhein-Westfalen
44817,Bochum,Nordrhein-Westfalen
44818,Bochum,Nordrhein-Westfalen
44819,Bochum,Nordrhein-Westfalen
44820,Bochum,Nordrhein-Westfalen
44821,Bochum,Nordrhein-Westfalen
44822,Bochum,Nordrhein-Westfalen
44823,Bochum,Nordrhein-Westfalen
44824,Bochum,Nordrhein-Westfalen
44825,Bochum,Nordrhein-Westfalen
44826,Bochum,Nordrhein-Westfalen
44827,Bochum,Nordrhein-Westfalen
44828,Bochum,Nordrhein-Westfalen
44829,Bochum,Nordrhein-Westfalen
44830,Bochum,Nordrhein-Westfalen
44831,Bochum,Nordrhein-Westfalen
44832,Bochum,Nordrhein-Westfalen
44833,Bochum,Nordrhein-Westfalen
44834,Bochum,Nordrhein-Westfalen
44835,Bochum,Nordrhein-Westfalen
44836,Bochum,Nordrhein-Westfalen
44837,Bochum,Nordrhein-Westfalen
44838,Bochum,Nordrhein-Westfalen
44839,Bochum,Nordrhein-Westfalen
44840,Bochum,Nordrhein-Westfalen
44841,Bochum,Nordrhein-Westfalen
44842,Bochum,Nordrhein-Westfalen
44843,Bochum,Nordrhein-Westfalen
44844,Bochum,Nordrhein-Westfalen
44845,Bochum,Nordrhein-Westfalen
44846,Bochum,Nordrhein-Westfalen
44847,Bochum,Nordrhein-Westfalen
44848,Bochum,Nordrhein-Westfalen
44849,Bochum,Nordrhein-Westfalen
44850,Bochum,Nordrhein-Westfalen
44851,Bochum,Nordrhein-Westfalen
44852,Bochum,Nordrhein-Westfalen
44853,Bochum,Nordrhein-Westfalen
44854,Bochum,Nordrhein-Westfalen
44855,Bochum,Nordrhein-Westfalen
44856,Bochum,Nordrhein-Westfalen
44857,Bochum,Nordrhein-Westfalen
44858,Bochum,Nordrhein-Westfalen
44859,Bochum,Nordrhein-Westfalen
44860,Bochum,Nordrhein-Westfalen
44861,Bochum,Nordrhein-Westfalen
44862,Bochum,Nordrhein-Westfalen
44863,Bochum,Nordrhein-Westfalen
44864,Bochum,Nordrhein-Westfalen
44865,Bochum,Nordrhein-Westfalen
44866,Bochum,Nordrhein-Westfalen
44867,Bochum,Nordrhein-Westfalen
44868,Bochum,Nordrhein-Westfalen
44869,Bochum,Nordrhein-Westfalen
44870,Bochum,Nordrhein-Westfalen
44871,Bochum,Nordrhein-Westfalen
44872,Bochum,Nordrhein-Westfalen
44873,Bochum,Nordrhein-Westfalen
44874,Bochum,Nordrhein-Westfalen
44875,Bochum,Nordrhein-Westfalen
44876,Bochum,Nordrhein-Westfalen
44877,Bochum,Nordrhein-Westfalen
44878,Bochum,Nordrhein-Westfalen
44879,Bochum,Nordrhein-Westfalen
44880,Bochum,Nordrhein-Westfalen
44881,Bochum,Nordrhein-Westfalen
44882,Bochum,Nordrhein-Westfalen
44883,Bochum,Nordrhein-Westfalen
44884,Bochum,Nordrhein-Westfalen
44885,Bochum,Nordrhein-Westfalen
44886,Bochum,Nordrhein-Westfalen
44887,Bochum,Nordrhein-Westfalen
44888,Bochum,Nordrhein-Westfalen
44889,Bochum,Nordrhein-Westfalen
44890,Bochum,Nordrhein-Westfalen
44891,Bochum,Nordrhein-Westfalen
44892,Bochum,Nordrhein-Westfalen
44893,Bochum,Nordrhein-Westfalen
44894,Bochum,Nordrhein-Westfalen
45127,Essen,Nordrhein-Westfalen
45128,Essen,Nordrhein-Westfalen
45129,Essen,Nordrhein-Westfalen
45130,Essen,Nordrhein-Westfalen
45131,Essen,Nordrhein-Westfalen
45132,Essen,Nordrhein-Westfalen
45133,Essen,Nordrhein-Westfalen
45134,Essen,Nordrhein-Westfalen
45135,Essen,Nordrhein-Westfalen
45136,Essen,Nordrhein-Westfalen
45137,Essen,Nordrhein-Westfalen
45138,Essen,Nordrhein-Westfalen
45139,Essen,Nordrhein-Westfalen
45140,Essen,Nordrhein-Westfalen
45141,Essen,Nordrhein-Westfalen
45142,Essen,Nordrhein-Westfalen
45143,Essen,Nordrhein-Westfalen
45144,Essen,Nordrhein-Westfalen
45145,Essen,Nordrhein-Westfalen
45146,Essen,Nordrhein-Westfalen
45147,Essen,Nordrhein-Westfalen
45148,Essen,Nordrhein-Westfalen
45219,Essen,Nordrhein-Westfalen
45220,Essen,Nordrhein-Westfalen
45221,Essen,Nordrhein-Westfalen
45222,Essen,Nordrhein-Westfalen
45223,Essen,Nordrhein-Westfalen
45224,Essen,Nordrhein-Westfalen
45225,Essen,Nordrhein-Westfalen
45226,Essen,Nordrhein-Westfalen
45227,Essen,Nordrhein-Westfalen
45228,Essen,Nordrhein-Westfalen
45229,Essen,Nordrhein-Westfalen
45230,Essen,Nordrhein-Westfalen
45231,Essen,Nordrhein-Westfalen
45232,Essen,Nordrhein-Westfalen
45233,Essen,Nordrhein-Westfalen
45234,Essen,Nordrhein-Westfalen
45235,Essen,Nordrhein-Westfalen
45236,Essen,Nordrhein-Westfalen
45237,Essen,Nordrhein-Westfalen
45238,Essen,Nordrhein-Westfalen
45239,Essen,Nordrhein-Westfalen
45240,Essen,Nordrhein-Westfalen
45241,Essen,Nordrhein-Westfalen
45242,Essen,Nordrhein-Westfalen
45243,Essen,Nordrhein-Westfalen
45244,Essen,Nordrhein-Westfalen
45245,Essen,Nordrhein-Westfalen
45246,Essen,Nordrhein-Westfalen
45247,Essen,Nordrhein-Westfalen
45248,Essen,Nordrhein-Westfalen
45249,Essen,Nordrhein-Westfalen
45250,Essen,Nordrhein-Westfalen
45251,Essen,Nordrhein-Westfalen
45252,Essen,Nordrhein-Westfalen
45253,Essen,Nordrhein-Westfalen
45254,Essen,Nordrhein-Westfalen
45255,Essen,Nordrhein-Westfalen
45256,Essen,Nordrhein-Westfalen
45257,Essen,Nordrhein-Westfalen
45258,Essen,Nordrhein-Westfalen
45259,Essen,Nordrhein-Westfalen
45260,Essen,Nordrhein-Westfalen
45261,Essen,Nordrhein-Westfalen
45262,Essen,Nordrhein-Westfalen
45263,Essen,Nordrhein-Westfalen
45264,Essen,Nordrhein-Westfalen
45265,Essen,Nordrhein-Westfalen
45266,Essen,Nordrhein-Westfalen
45267,Essen,Nordrhein-Westfalen
45268,Essen,Nordrhein-Westfalen
45269,Essen,Nordrhein-Westfalen
45270,Essen,Nordrhein-Westfalen
45271,Essen,Nordrhein-Westfalen
45272,Essen,Nordrhein-Westfalen
45273,Essen,Nordrhein-Westfalen
45274,Essen,Nordrhein-Westfalen
45275,Essen,Nordrhein-Westfalen
45276,Essen,Nordrhein-Westfalen
45277,Essen,Nordrhein-Westfalen
45278,Essen,Nordrhein-Westfalen
45279,Essen,Nordrhein-Westfalen
45280,Essen,Nordrhein-Westfalen
45281,Essen,Nordrhein-Westfalen
45282,Essen,Nordrhein-Westfalen
45283,Essen,Nordrhein-Westfalen
45284,Essen,Nordrhein-Westfalen
45285,Essen,Nordrhein-Westfalen
45286,Essen,Nordrhein-Westfalen
45287,Essen,Nordrhein-Westfalen
45288,Essen,Nordrhein-Westfalen
45289,Essen,Nordrhein-Westfalen
45290,Essen,Nordrhein-Westfalen
45291,Essen,Nordrhein-Westfalen
45292,Essen,Nordrhein-Westfalen
45293,Essen,Nordrhein-Westfalen
45294,Essen,Nordrhein-Westfalen
45295,Essen,Nordrhein-Westfalen
45296,Essen,Nordrhein-Westfalen
45297,Essen,Nordrhein-Westfalen
45298,Essen,Nordrhein-Westfalen
45299,Essen,Nordrhein-Westfalen
45300,Essen,Nordrhein-Westfalen
45301,Essen,Nordrhein-Westfalen
45302,Essen,Nordrhein-Westfalen
45303,Essen,Nordrhein-Westfalen
45304,Essen,Nordrhein-Westfalen
45305,Essen,Nordrhein-Westfalen
45306,Essen,Nordrhein-Westfalen
45307,Essen,Nordrhein-Westfalen
45308,Essen,Nordrhein-Westfalen
45309,Essen,Nordrhein-Westfalen
45310,Essen,Nordrhein-Westfalen
45311,Essen,Nordrhein-Westfalen
45312,Essen,Nordrhein-Westfalen
45313,Essen,Nordrhein-Westfalen
45314,Essen,Nordrhein-Westfalen
45315,Essen,Nordrhein-Westfalen
45316,Essen,Nordrhein-Westfalen
45317,Essen,Nordrhein-Westfalen
45318,Essen,Nordrhein-Westfalen
45319,Essen,Nordrhein-Westfalen
45320,Essen,Nordrhein-Westfalen
45321,Essen,Nordrhein-Westfalen
45322,Essen,Nordrhein-Westfalen
45323,Essen,Nordrhein-Westfalen
45324,Essen,Nordrhein-Westfalen
45325,Essen,Nordrhein-Westfalen
45326,Essen,Nordrhein-Westfalen
45327,Essen,Nordrhein-Westfalen
45328,Essen,Nordrhein-Westfalen
45329,Essen,Nordrhein-Westfalen
45330,Essen,Nordrhein-Westfalen
45331,Essen,Nordrhein-Westfalen
45332,Essen,Nordrhein-Westfalen
45333,Essen,Nordrhein-Westfalen
45334,Essen,Nordrhein-Westfalen
45335,Essen,Nordrhein-Westfalen
45336,Essen,Nordrhein-Westfalen
45337,Essen,Nordrhein-Westfalen
45338,Essen,Nordrhein-Westfalen
45339,Essen,Nordrhein-Westfalen
45340,Essen,Nordrhein-Westfalen
45341,Essen,Nordrhein-Westfalen
45342,Essen,Nordrhein-Westfalen
45343,Essen,Nordrhein-Westfalen
45344,Essen,Nordrhein-Westfalen
45345,Essen,Nordrhein-Westfalen
45346,Essen,Nordrhein-Westfalen
45347,Essen,Nordrhein-Westfalen
45348,Essen,Nordrhein-Westfalen
45349,Essen,Nordrhein-Westfalen
45350,Essen,Nordrhein-Westfalen
45351,Essen,Nordrhein-Westfalen
45352,Essen,Nordrhein-Westfalen
45353,Essen,Nordrhein-Westfalen
45354,Essen,Nordrhein-Westfalen
45355,Essen,Nordrhein-Westfalen
45356,Essen,Nordrhein-Westfalen
45357,Essen,Nordrhein-Westfalen
45358,Essen,Nordrhein-Westfalen
45879,Gelsenkirchen,Nordrhein-Westfalen
45880,Gelsenkirchen,Nordrhein-Westfalen
45881,Gelsenkirchen,Nordrhein-Westfalen
45882,Gelsenkirchen,Nordrhein-Westfalen
45883,Gelsenkirchen,Nordrhein-Westfalen
45884,Gelsenkirchen,Nordrhein-Westfalen
45885,Gelsenkirchen,Nordrhein-Westfalen
45886,Gelsenkirchen,Nordrhein-Westfalen
45887,Gelsenkirchen,Nordrhein-Westfalen
45888,Gelsenkirchen,Nordrhein-Westfalen
45889,Gelsenkirchen,Nordrhein-Westfalen
45890,Gelsenkirchen,Nordrhein-Westfalen
45891,Gelsenkirchen,Nordrhein-Westfalen
45892,Gelsenkirchen,Nordrhein-Westfalen
45893,Gelsenkirchen,Nordrhein-Westfalen
45894,Gelsenkirchen,Nordrhein-Westfalen
45895,Gelsenkirchen,Nordrhein-Westfalen
45896,Gelsenkirchen,Nordrhein-Westfalen
45897,Gelsenkirchen,Nordrhein-Westfalen
45898,Gelsenkirchen,Nordrhein-Westfalen
47051,Duisburg,Nordrhein-Westfalen
47052,Duisburg,Nordrhein-Westfalen
47053,Duisburg,Nordrhein-Westfalen
47054,Duisburg,Nordrhein-Westfalen
47055,Duisburg,Nordrhein-Westfalen
47056,Duisburg,Nordrhein-Westfalen
47057,Duisburg,Nordrhein-Westfalen
47058,Duisburg,Nordrhein-Westfalen
47059,Duisburg,Nordrhein-Westfalen
47060,Duisburg,Nordrhein-Westfalen
47061,Duisburg,Nordrhein-Westfalen
47062,Duisburg,Nordrhein-Westfalen
47063,Duisburg,Nordrhein-Westfalen
47064,Duisburg,Nordrhein-Westfalen
47065,Duisburg,Nordrhein-Westfalen
47066,Duisburg,Nordrhein-Westfalen
47067,Duisburg,Nordrhein-Westfalen
47068,Duisburg,Nordrhein-Westfalen
47069,Duisburg,Nordrhein-Westfalen
47070,Duisburg,Nordrhein-Westfalen
47071,Duisburg,Nordrhein-Westfalen
47072,Duisburg,Nordrhein-Westfalen
47073,Duisburg,Nordrhein-Westfalen
47074,Duisburg,Nordrhein-Westfalen
47075,Duisburg,Nordrhein-Westfalen
47076,Duisburg,Nordrhein-Westfalen
47077,Duisburg,Nordrhein-Westfalen
47078,Duisburg,Nordrhein-Westfalen
47079,Duisburg,Nordrhein-Westfalen
47080,Duisburg,Nordrhein-Westfalen
47081,Duisburg,Nordrhein-Westfalen
47082,Duisburg,Nordrhein-Westfalen
47083,Duisburg,Nordrhein-Westfalen
47084,Duisburg,Nordrhein-Westfalen
47085,Duisburg,Nordrhein-Westfalen
47086,Duisburg,Nordrhein-Westfalen
47087,Duisburg,Nordrhein-Westfalen
47088,Duisburg,Nordrhein-Westfalen
47089,Duisburg,Nordrhein-Westfalen
47090,Duisburg,Nordrhein-Westfalen
47091,Duisburg,Nordrhein-Westfalen
47092,Duisburg,Nordrhein-Westfalen
47093,Duisburg,Nordrhein-Westfalen
47094,Duisburg,Nordrhein-Westfalen
47095,Duisburg,Nordrhein-Westfalen
47096,Duisburg,Nordrhein-Westfalen
47097,Duisburg,Nordrhein-Westfalen
47098,Duisburg,Nordrhein-Westfalen
47099,Duisburg,Nordrhein-Westfalen
47100,Duisburg,Nordrhein-Westfalen
47101,Duisburg,Nordrhein-Westfalen
47102,Duisburg,Nordrhein-Westfalen
47103,Duisburg,Nordrhein-Westfalen
47104,Duisburg,Nordrhein-Westfalen
47105,Duisburg,Nordrhein-Westfalen
47106,Duisburg,Nordrhein-Westfalen
47107,Duisburg,Nordrhein-Westfalen
47108,Duisburg,Nordrhein-Westfalen
47109,Duisburg,Nordrhein-Westfalen
47110,Duisburg,Nordrhein-Westfalen
47111,Duisburg,Nordrhein-Westfalen
47112,Duisburg,Nordrhein-Westfalen
47113,Duisburg,Nordrhein-Westfalen
47114,Duisburg,Nordrhein-Westfalen
47115,Duisburg,Nordrhein-Westfalen
47116,Duisburg,Nordrhein-Westfalen
47117,Duisburg,Nordrhein-Westfalen
47118,Duisburg,Nordrhein-Westfalen
47119,Duisburg,Nordrhein-Westfalen
47120,Duisburg,Nordrhein-Westfalen
47121,Duisburg,Nordrhein-Westfalen
47122,Duisburg,Nordrhein-Westfalen
47123,Duisburg,Nordrhein-Westfalen
47124,Duisburg,Nordrhein-Westfalen
47125,Duisburg,Nordrhein-Westfalen
47126,Duisburg,Nordrhein-Westfalen
47127,Duisburg,Nordrhein-Westfalen
47128,Duisburg,Nordrhein-Westfalen
47129,Duisburg,Nordrhein-Westfalen
47130,Duisburg,Nordrhein-Westfalen
47131,Duisburg,Nordrhein-Westfalen
47132,Duisburg,Nordrhein-Westfalen
47133,Duisburg,Nordrhein-Westfalen
47134,Duisburg,Nordrhein-Westfalen
47135,Duisburg,Nordrhein-Westfalen
47136,Duisburg,Nordrhein-Westfalen
47137,Duisburg,Nordrhein-Westfalen
47138,Duisburg,Nordrhein-Westfalen
47139,Duisburg,Nordrhein-Westfalen
47140,Duisburg,Nordrhein-Westfalen
47141,Duisburg,Nordrhein-Westfalen
47142,Duisburg,Nordrhein-Westfalen
47143,Duisburg,Nordrhein-Westfalen
47144,Duisburg,Nordrhein-Westfalen
47145,Duisburg,Nordrhein-Westfalen
47146,Duisburg,Nordrhein-Westfalen
47147,Duisburg,Nordrhein-Westfalen
47148,Duisburg,Nordrhein-Westfalen
47149,Duisburg,Nordrhein-Westfalen
47150,Duisburg,Nordrhein-Westfalen
47151,Duisburg,Nordrhein-Westfalen
47152,Duisburg,Nordrhein-Westfalen
47153,Duisburg,Nordrhein-Westfalen
47154,Duisburg,Nordrhein-Westfalen
47155,Duisburg,Nordrhein-Westfalen
47156,Duisburg,Nordrhein-Westfalen
47157,Duisburg,Nordrhein-Westfalen
47158,Duisburg,Nordrhein-Westfalen
47159,Duisburg,Nordrhein-Westfalen
47160,Duisburg,Nordrhein-Westfalen
47161,Duisburg,Nordrhein-Westfalen
47162,Duisburg,Nordrhein-Westfalen
47163,Duisburg,Nordrhein-Westfalen
47164,Duisburg,Nordrhein-Westfalen
47165,Duisburg,Nordrhein-Westfalen
47166,Duisburg,Nordrhein-Westfalen
47167,Duisburg,Nordrhein-Westfalen
47168,Duisburg,Nordrhein-Westfalen
47169,Duisburg,Nordrhein-Westfalen
47170,Duisburg,Nordrhein-Westfalen
47171,Duisburg,Nordrhein-Westfalen
47172,Duisburg,Nordrhein-Westfalen
47173,Duisburg,Nordrhein-Westfalen
47174,Duisburg,Nordrhein-Westfalen
47175,Duisburg,Nordrhein-Westfalen
47176,Duisburg,Nordrhein-Westfalen
47177,Duisburg,Nordrhein-Westfalen
47178,Duisburg,Nordrhein-Westfalen
47179,Duisburg,Nordrhein-Westfalen
47180,Duisburg,Nordrhein-Westfalen
47181,Duisburg,Nordrhein-Westfalen
47182,Duisburg,Nordrhein-Westfalen
47183,Duisburg,Nordrhein-Westfalen
47184,Duisburg,Nordrhein-Westfalen
47185,Duisburg,Nordrhein-Westfalen
47186,Duisburg,Nordrhein-Westfalen
47187,Duisburg,Nordrhein-Westfalen
47188,Duisburg,Nordrhein-Westfalen
47189,Duisburg,Nordrhein-Westfalen
47190,Duisburg,Nordrhein-Westfalen
47191,Duisburg,Nordrhein-Westfalen
47192,Duisburg,Nordrhein-Westfalen
47193,Duisburg,Nordrhein-Westfalen
47194,Duisburg,Nordrhein-Westfalen
47195,Duisburg,Nordrhein-Westfalen
47196,Duisburg,Nordrhein-Westfalen
47197,Duisburg,Nordrhein-Westfalen
47198,Duisburg,Nordrhein-Westfalen
47199,Duisburg,Nordrhein-Westfalen
47200,Duisburg,Nordrhein-Westfalen
47201,Duisburg,Nordrhein-Westfalen
47202,Duisburg,Nordrhein-Westfalen
47203,Duisburg,Nordrhein-Westfalen
47204,Duisburg,Nordrhein-Westfalen
47205,Duisburg,Nordrhein-Westfalen
47206,Duisburg,Nordrhein-Westfalen
47207,Duisburg,Nordrhein-Westfalen
47208,Duisburg,Nordrhein-Westfalen
47209,Duisburg,Nordrhein-Westfalen
47210,Duisburg,Nordrhein-Westfalen
47211,Duisburg,Nordrhein-Westfalen
47212,Duisburg,Nordrhein-Westfalen
47213,Duisburg,Nordrhein-Westfalen
47214,Duisburg,Nordrhein-Westfalen
47215,Duisburg,Nordrhein-Westfalen
47216,Duisburg,Nordrhein-Westfalen
47217,Duisburg,Nordrhein-Westfalen
47218,Duisburg,Nordrhein-Westfalen
47219,Duisburg,Nordrhein-Westfalen
47220,Duisburg,Nordrhein-Westfalen
47221,Duisburg,Nordrhein-Westfalen
47222,Duisburg,Nordrhein-Westfalen
47223,Duisburg,Nordrhein-Westfalen
47224,Duisburg,Nordrhein-Westfalen
47225,Duisburg,Nordrhein-Westfalen
47226,Duisburg,Nordrhein-Westfalen
47227,Duisburg,Nordrhein-Westfalen
47228,Duisburg,Nordrhein-Westfalen
47229,Duisburg,Nordrhein-Westfalen
47230,Duisburg,Nordrhein-Westfalen
47231,Duisburg,Nordrhein-Westfalen
47232,Duisburg,Nordrhein-Westfalen
47233,Duisburg,Nordrhein-Westfalen
47234,Duisburg,Nordrhein-Westfalen
47235,Duisburg,Nordrhein-Westfalen
47236,Duisburg,Nordrhein-Westfalen
47237,Duisburg,Nordrhein-Westfalen
47238,Duisburg,Nordrhein-Westfalen
47239,Duisburg,Nordrhein-Westfalen
47240,Duisburg,Nordrhein-Westfalen
47241,Duisburg,Nordrhein-Westfalen
47242,Duisburg,Nordrhein-Westfalen
47243,Duisburg,Nordrhein-Westfalen
47244,Duisburg,Nordrhein-Westfalen
47245,Duisburg,Nordrhein-Westfalen
47246,Duisburg,Nordrhein-Westfalen
47247,Duisburg,Nordrhein-Westfalen
47248,Duisburg,Nordrhein-Westfalen
47249,Duisburg,Nordrhein-Westfalen
47250,Duisburg,Nordrhein-Westfalen
47251,Duisburg,Nordrhein-Westfalen
47252,Duisburg,Nordrhein-Westfalen
47253,Duisburg,Nordrhein-Westfalen
47254,Duisburg,Nordrhein-Westfalen
47255,Duisburg,Nordrhein-Westfalen
47256,Duisburg,Nordrhein-Westfalen
47257,Duisburg,Nordrhein-Westfalen
47258,Duisburg,Nordrhein-Westfalen
47259,Duisburg,Nordrhein-Westfalen
47260,Duisburg,Nordrhein-Westfalen
47261,Duisburg,Nordrhein-Westfalen
47262,Duisburg,Nordrhein-Westfalen
47263,Duisburg,Nordrhein-Westfalen
47264,Duisburg,Nordrhein-Westfalen
47265,Duisburg,Nordrhein-Westfalen
47266,Duisburg,Nordrhein-Westfalen
47267,Duisburg,Nordrhein-Westfalen
47268,Duisburg,Nordrhein-Westfalen
47269,Duisburg,Nordrhein-Westfalen
47270,Duisburg,Nordrhein-Westfalen
47271,Duisburg,Nordrhein-Westfalen
47272,Duisburg,Nordrhein-Westfalen
47273,Duisburg,Nordrhein-Westfalen
47274,Duisburg,Nordrhein-Westfalen
47275,Duisburg,Nordrhein-Westfalen
47276,Duisburg,Nordrhein-Westfalen
47277,Duisburg,Nordrhein-Westfalen
47278,Duisburg,Nordrhein-Westfalen
47798,Krefeld,Nordrhein-Westfalen
47799,Krefeld,Nordrhein-Westfalen
47800,Krefeld,Nordrhein-Westfalen
47801,Krefeld,Nordrhein-Westfalen
47802,Krefeld,Nordrhein-Westfalen
47803,Krefeld,Nordrhein-Westfalen
47804,Krefeld,Nordrhein-Westfalen
47805,Krefeld,Nordrhein-Westfalen
47806,Krefeld,Nordrhein-Westfalen
47807,Krefeld,Nordrhein-Westfalen
47808,Krefeld,Nordrhein-Westfalen
47809,Krefeld,Nordrhein-Westfalen
47810,Krefeld,Nordrhein-Westfalen
47811,Krefeld,Nordrhein-Westfalen
47812,Krefeld,Nordrhein-Westfalen
47813,Krefeld,Nordrhein-Westfalen
47814,Krefeld,Nordrhein-Westfalen
47815,Krefeld,Nordrhein-Westfalen
47816,Krefeld,Nordrhein-Westfalen
47817,Krefeld,Nordrhein-Westfalen
47818,Krefeld,Nordrhein-Westfalen
47819,Krefeld,Nordrhein-Westfalen
47820,Krefeld,Nordrhein-Westfalen
47821,Krefeld,Nordrhein-Westfalen
47822,Krefeld,Nordrhein-Westfalen
47823,Krefeld,Nordrhein-Westfalen
47824,Krefeld,Nordrhein-Westfalen
47825,Krefeld,Nordrhein-Westfalen
47826,Krefeld,Nordrhein-Westfalen
47827,Krefeld,Nordrhein-Westfalen
47828,Krefeld,Nordrhein-Westfalen
47829,Krefeld,Nordrhein-Westfalen
47830,Krefeld,Nordrhein-Westfalen
47831,Krefeld,Nordrhein-Westfalen
47832,Krefeld,Nordrhein-Westfalen
47833,Krefeld,Nordrhein-Westfalen
47834,Krefeld,Nordrhein-Westfalen
47835,Krefeld,Nordrhein-Westfalen
47836,Krefeld,Nordrhein-Westfalen
47837,Krefeld,Nordrhein-Westfalen
47838,Krefeld,Nordrhein-Westfalen
48143,Münster,Nordrhein-Westfalen
48144,Münster,Nordrhein-Westfalen
48145,Münster,Nordrhein-Westfalen
48146,Münster,Nordrhein-Westfalen
48147,Münster,Nordrhein-Westfalen
48148,Münster,Nordrhein-Westfalen
48149,Münster,Nordrhein-Westfalen
48150,Münster,Nordrhein-Westfalen
48151,Münster,Nordrhein-Westfalen
48152,Münster,Nordrhein-Westfalen
48153,Münster,Nordrhein-Westfalen
48154,Münster,Nordrhein-Westfalen
48155,Münster,Nordrhein-Westfalen
48156,Münster,Nordrhein-Westfalen
48157,Münster,Nordrhein-Westfalen
48158,Münster,Nordrhein-Westfalen
48159,Münster,Nordrhein-Westfalen
48160,Münster,Nordrhein-Westfalen
48161,Münster,Nordrhein-Westfalen
48162,Münster,Nordrhein-Westfalen
48163,Münster,Nordrhein-Westfalen
48164,Münster,Nordrhein-Westfalen
48165,Münster,Nordrhein-Westfalen
48166,Münster,Nordrhein-Westfalen
50667,Köln,Nordrhein-Westfalen
50668,Köln,Nordrhein-Westfalen
50669,Köln,Nordrhein-Westfalen
50670,Köln,Nordrhein-Westfalen
50671,Köln,Nordrhein-Westfalen
50672,Köln,Nordrhein-Westfalen
50673,Köln,Nordrhein-Westfalen
50674,Köln,Nordrhein-Westfalen
50675,Köln,Nordrhein-Westfalen
50676,Köln,Nordrhein-Westfalen
50677,Köln,Nordrhein-Westfalen
50678,Köln,Nordrhein-Westfalen
50733,Köln,Nordrhein-Westfalen
50734,Köln,Nordrhein-Westfalen
50735,Köln,Nordrhein-Westfalen
50736,Köln,Nordrhein-Westfalen
50737,Köln,Nordrhein-Westfalen
50738,Köln,Nordrhein-Westfalen
50739,Köln,Nordrhein-Westfalen
50740,Köln,Nordrhein-Westfalen
50741,Köln,Nordrhein-Westfalen
50742,Köln,Nordrhein-Westfalen
50743,Köln,Nordrhein-Westfalen
50744,Köln,Nordrhein-Westfalen
50745,Köln,Nordrhein-Westfalen
50746,Köln,Nordrhein-Westfalen
50747,Köln,Nordrhein-Westfalen
50748,Köln,Nordrhein-Westfalen
50749,Köln,Nordrhein-Westfalen
50750,Köln,Nordrhein-Westfalen
50751,Köln,Nordrhein-Westfalen
50752,Köln,Nordrhein-Westfalen
50753,Köln,Nordrhein-Westfalen
50754,Köln,Nordrhein-Westfalen
50755,Köln,Nordrhein-Westfalen
50756,Köln,Nordrhein-Westfalen
50757,Köln,Nordrhein-Westfalen
50758,Köln,Nordrhein-Westfalen
50759,Köln,Nordrhein-Westfalen
50760,Köln,Nordrhein-Westfalen
50761,Köln,Nordrhein-Westfalen
50762,Köln,Nordrhein-Westfalen
50763,Köln,Nordrhein-Westfalen
50764,Köln,Nordrhein-Westfalen
50765,Köln,Nordrhein-Westfalen
50766,Köln,Nordrhein-Westfalen
50767,Köln,Nordrhein-Westfalen
50768,Köln,Nordrhein-Westfalen
50769,Köln,Nordrhein-Westfalen
50770,Köln,Nordrhein-Westfalen
50771,Köln,Nordrhein-Westfalen
50772,Köln,Nordrhein-Westfalen
50773,Köln,Nordrhein-Westfalen
50774,Köln,Nordrhein-Westfalen
50775,Köln,Nordrhein-Westfalen
50776,Köln,Nordrhein-Westfalen
50777,Köln,Nordrhein-Westfalen
50778,Köln,Nordrhein-Westfalen
50779,Köln,Nordrhein-Westfalen
50780,Köln,Nordrhein-Westfalen
50781,Köln,Nordrhein-Westfalen
50782,Köln,Nordrhein-Westfalen
50783,Köln,Nordrhein-Westfalen
50784,Köln,Nordrhein-Westfalen
50785,Köln,Nordrhein-Westfalen
50786,Köln,Nordrhein-Westfalen
50787,Köln,Nordrhein-Westfalen
50788,Köln,Nordrhein-Westfalen
50789,Köln,Nordrhein-Westfalen
50790,Köln,Nordrhein-Westfalen
50791,Köln,Nordrhein-Westfalen
50792,Köln,Nordrhein-Westfalen
50793,Köln,Nordrhein-Westfalen
50794,Köln,Nordrhein-Westfalen
50795,Köln,Nordrhein-Westfalen
50796,Köln,Nordrhein-Westfalen
50797,Köln,Nordrhein-Westfalen
50798,Köln,Nordrhein-Westfalen
50799,Köln,Nordrhein-Westfalen
50800,Köln,Nordrhein-Westfalen
50801,Köln,Nordrhein-Westfalen
50802,Köln,Nordrhein-Westfalen
50803,Köln,Nordrhein-Westfalen
50804,Köln,Nordrhein-Westfalen
50805,Köln,Nordrhein-Westfalen
50806,Köln,Nordrhein-Westfalen
50807,Köln,Nordrhein-Westfalen
50808,Köln,Nordrhein-Westfalen
50809,Köln,Nordrhein-Westfalen
50810,Köln,Nordrhein-Westfalen
50811,Köln,Nordrhein-Westfalen
50812,Köln,Nordrhein-Westfalen
50813,Köln,Nordrhein-Westfalen
50814,Köln,Nordrhein-Westfalen
50815,Köln,Nordrhein-Westfalen
50816,Köln,Nordrhein-Westfalen
50817,Köln,Nordrhein-Westfalen
50818,Köln,Nordrhein-Westfalen
50819,Köln,Nordrhein-Westfalen
50820,Köln,Nordrhein-Westfalen
50821,Köln,Nordrhein-Westfalen
50822,Köln,Nordrhein-Westfalen
50823,Köln,Nordrhein-Westfalen
50824,Köln,Nordrhein-Westfalen
50825,Köln,Nordrhein-Westfalen
50826,Köln,Nordrhein-Westfalen
50827,Köln,Nordrhein-Westfalen
50828,Köln,Nordrhein-Westfalen
50829,Köln,Nordrhein-Westfalen
50830,Köln,Nordrhein-Westfalen
50831,Köln,Nordrhein-Westfalen
50832,Köln,Nordrhein-Westfalen
50833,Köln,Nordrhein-Westfalen
50834,Köln,Nordrhein-Westfalen
50835,Köln,Nordrhein-Westfalen
50836,Köln,Nordrhein-Westfalen
50837,Köln,Nordrhein-Westfalen
50838,Köln,Nordrhein-Westfalen
50839,Köln,Nordrhein-Westfalen
50840,Köln,Nordrhein-Westfalen
50841,Köln,Nordrhein-Westfalen
50842,Köln,Nordrhein-Westfalen
50843,Köln,Nordrhein-Westfalen
50844,Köln,Nordrhein-Westfalen
50845,Köln,Nordrhein-Westfalen
50846,Köln,Nordrhein-Westfalen
50847,Köln,Nordrhein-Westfalen
50848,Köln,Nordrhein-Westfalen
50849,Köln,Nordrhein-Westfalen
50850,Köln,Nordrhein-Westfalen
50851,Köln,Nordrhein-Westfalen
50852,Köln,Nordrhein-Westfalen
50853,Köln,Nordrhein-Westfalen
50854,Köln,Nordrhein-Westfalen
50855,Köln,Nordrhein-Westfalen
50856,Köln,Nordrhein-Westfalen
50857,Köln,Nordrhein-Westfalen
50858,Köln,Nordrhein-Westfalen
50859,Köln,Nordrhein-Westfalen
50860,Köln,Nordrhein-Westfalen
50861,Köln,Nordrhein-Westfalen
50862,Köln,Nordrhein-Westfalen
50863,Köln,Nordrhein-Westfalen
50864,Köln,Nordrhein-Westfalen
50865,Köln,Nordrhein-Westfalen
50866,Köln,Nordrhein-Westfalen
50867,Köln,Nordrhein-Westfalen
50868,Köln,Nordrhein-Westfalen
50869,Köln,Nordrhein-Westfalen
50870,Köln,Nordrhein-Westfalen
50871,Köln,Nordrhein-Westfalen
50872,Köln,Nordrhein-Westfalen
50873,Köln,Nordrhein-Westfalen
50874,Köln,Nordrhein-Westfalen
50875,Köln,Nordrhein-Westfalen
50876,Köln,Nordrhein-Westfalen
50877,Köln,Nordrhein-Westfalen
50878,Köln,Nordrhein-Westfalen
50879,Köln,Nordrhein-Westfalen
50880,Köln,Nordrhein-Westfalen
50881,Köln,Nordrhein-Westfalen
50882,Köln,Nordrhein-Westfalen
50883,Köln,Nordrhein-Westfalen
50884,Köln,Nordrhein-Westfalen
50885,Köln,Nordrhein-Westfalen
50886,Köln,Nordrhein-Westfalen
50887,Köln,Nordrhein-Westfalen
50888,Köln,Nordrhein-Westfalen
50889,Köln,Nordrhein-Westfalen
50890,Köln,Nordrhein-Westfalen
50891,Köln,Nordrhein-Westfalen
50892,Köln,Nordrhein-Westfalen
50893,Köln,Nordrhein-Westfalen
50894,Köln,Nordrhein-Westfalen
50895,Köln,Nordrhein-Westfalen
50896,Köln,Nordrhein-Westfalen
50897,Köln,Nordrhein-Westfalen
50898,Köln,Nordrhein-Westfalen
50899,Köln,Nordrhein-Westfalen
50900,Köln,Nordrhein-Westfalen
50901,Köln,Nordrhein-Westfalen
50902,Köln,Nordrhein-Westfalen
50903,Köln,Nordrhein-Westfalen
50904,Köln,Nordrhein-Westfalen
50905,Köln,Nordrhein-Westfalen
50906,Köln,Nordrhein-Westfalen
50907,Köln,Nordrhein-Westfalen
50908,Köln,Nordrhein-Westfalen
50909,Köln,Nordrhein-Westfalen
50910,Köln,Nordrhein-Westfalen
50911,Köln,Nordrhein-Westfalen
50912,Köln,Nordrhein-Westfalen
50913,Köln,Nordrhein-Westfalen
50914,Köln,Nordrhein-Westfalen
50915,Köln,Nordrhein-Westfalen
50916,Köln,Nordrhein-Westfalen
50917,Köln,Nordrhein-Westfalen
50918,Köln,Nordrhein-Westfalen
50919,Köln,Nordrhein-Westfalen
50920,Köln,Nordrhein-Westfalen
50921,Köln,Nordrhein-Westfalen
50922,Köln,Nordrhein-Westfalen
50923,Köln,Nordrhein-Westfalen
50924,Köln,Nordrhein-Westfalen
50925,Köln,Nordrhein-Westfalen
50926,Köln,Nordrhein-Westfalen
50927,Köln,Nordrhein-Westfalen
50928,Köln,Nordrhein-Westfalen
50929,Köln,Nordrhein-Westfalen
50930,Köln,Nordrhein-Westfalen
50931,Köln,Nordrhein-Westfalen
50932,Köln,Nordrhein-Westfalen
50933,Köln,Nordrhein-Westfalen
50934,Köln,Nordrhein-Westfalen
50935,Köln,Nordrhein-Westfalen
50936,Köln,Nordrhein-Westfalen
50937,Köln,Nordrhein-Westfalen
50938,Köln,Nordrhein-Westfalen
50939,Köln,Nordrhein-Westfalen
50940,Köln,Nordrhein-Westfalen
50941,Köln,Nordrhein-Westfalen
50942,Köln,Nordrhein-Westfalen
50943,Köln,Nordrhein-Westfalen
50944,Köln,Nordrhein-Westfalen
50945,Köln,Nordrhein-Westfalen
50946,Köln,Nordrhein-Westfalen
50947,Köln,Nordrhein-Westfalen
50948,Köln,Nordrhein-Westfalen
50949,Köln,Nordrhein-Westfalen
50950,Köln,Nordrhein-Westfalen
50951,Köln,Nordrhein-Westfalen
50952,Köln,Nordrhein-Westfalen
50953,Köln,Nordrhein-Westfalen
50954,Köln,Nordrhein-Westfalen
50955,Köln,Nordrhein-Westfalen
50956,Köln,Nordrhein-Westfalen
50957,Köln,Nordrhein-Westfalen
50958,Köln,Nordrhein-Westfalen
50959,Köln,Nordrhein-Westfalen
50960,Köln,Nordrhein-Westfalen
50961,Köln,Nordrhein-Westfalen
50962,Köln,Nordrhein-Westfalen
50963,Köln,Nordrhein-Westfalen
50964,Köln,Nordrhein-Westfalen
50965,Köln,Nordrhein-Westfalen
50966,Köln,Nordrhein-Westfalen
50967,Köln,Nordrhein-Westfalen
50968,Köln,Nordrhein-Westfalen
50969,Köln,Nordrhein-Westfalen
50970,Köln,Nordrhein-Westfalen
50971,Köln,Nordrhein-Westfalen
50972,Köln,Nordrhein-Westfalen
50973,Köln,Nordrhein-Westfalen
50974,Köln,Nordrhein-Westfalen
50975,Köln,Nordrhein-Westfalen
50976,Köln,Nordrhein-Westfalen
50977,Köln,Nordrhein-Westfalen
50978,Köln,Nordrhein-Westfalen
50979,Köln,Nordrhein-Westfalen
50980,Köln,Nordrhein-Westfalen
50981,Köln,Nordrhein-Westfalen
50982,Köln,Nordrhein-Westfalen
50983,Köln,Nordrhein-Westfalen
50984,Köln,Nordrhein-Westfalen
50985,Köln,Nordrhein-Westfalen
50986,Köln,Nordrhein-Westfalen
50987,Köln,Nordrhein-Westfalen
50988,Köln,Nordrhein-Westfalen
50989,Köln,Nordrhein-Westfalen
50990,Köln,Nordrhein-Westfalen
50991,Köln,Nordrhein-Westfalen
50992,Köln,Nordrhein-Westfalen
50993,Köln,Nordrhein-Westfalen
50994,Köln,Nordrhein-Westfalen
50995,Köln,Nordrhein-Westfalen
50996,Köln,Nordrhein-Westfalen
50997,Köln,Nordrhein-Westfalen
50998,Köln,Nordrhein-Westfalen
51061,Köln,Nordrhein-Westfalen
51062,Köln,Nordrhein-Westfalen
51063,Köln,Nordrhein-Westfalen
51064,Köln,Nordrhein-Westfalen
51065,Köln,Nordrhein-Westfalen
51066,Köln,Nordrhein-Westfalen
51067,Köln,Nordrhein-Westfalen
51068,Köln,Nordrhein-Westfalen
51069,Köln,Nordrhein-Westfalen
51070,Köln,Nordrhein-Westfalen
51071,Köln,Nordrhein-Westfalen
51072,Köln,Nordrhein-Westfalen
51073,Köln,Nordrhein-Westfalen
51074,Köln,Nordrhein-Westfalen
51075,Köln,Nordrhein-Westfalen
51076,Köln,Nordrhein-Westfalen
51077,Köln,Nordrhein-Westfalen
51078,Köln,Nordrhein-Westfalen
51079,Köln,Nordrhein-Westfalen
51080,Köln,Nordrhein-Westfalen
51081,Köln,Nordrhein-Westfalen
51082,Köln,Nordrhein-Westfalen
51083,Köln,Nordrhein-Westfalen
51084,Köln,Nordrhein-Westfalen
51085,Köln,Nordrhein-Westfalen
51086,Köln,Nordrhein-Westfalen
51087,Köln,Nordrhein-Westfalen
51088,Köln,Nordrhein-Westfalen
51089,Köln,Nordrhein-Westfalen
51090,Köln,Nordrhein-Westfalen
51091,Köln,Nordrhein-Westfalen
51092,Köln,Nordrhein-Westfalen
51093,Köln,Nordrhein-Westfalen
51094,Köln,Nordrhein-Westfalen
51095,Köln,Nordrhein-Westfalen
51096,Köln,Nordrhein-Westfalen
51097,Köln,Nordrhein-Westfalen
51098,Köln,Nordrhein-Westfalen
51099,Köln,Nordrhein-Westfalen
51100,Köln,Nordrhein-Westfalen
51101,Köln,Nordrhein-Westfalen
51102,Köln,Nordrhein-Westfalen
51103,Köln,Nordrhein-Westfalen
51104,Köln,Nordrhein-Westfalen
51105,Köln,Nordrhein-Westfalen
51106,Köln,Nordrhein-Westfalen
51107,Köln,Nordrhein-Westfalen
51108,Köln,Nordrhein-Westfalen
51109,Köln,Nordrhein-Westfalen
51110,Köln,Nordrhein-Westfalen
51111,Köln,Nordrhein-Westfalen
51112,Köln,Nordrhein-Westfalen
51113,Köln,Nordrhein-Westfalen
51114,Köln,Nordrhein-Westfalen
51115,Köln,Nordrhein-Westfalen
51116,Köln,Nordrhein-Westfalen
51117,Köln,Nordrhein-Westfalen
51118,Köln,Nordrhein-Westfalen
51119,Köln,Nordrhein-Westfalen
51120,Köln,Nordrhein-Westfalen
51121,Köln,Nordrhein-Westfalen
51122,Köln,Nordrhein-Westfalen
51123,Köln,Nordrhein-Westfalen
51124,Köln,Nordrhein-Westfalen
51125,Köln,Nordrhein-Westfalen
51126,Köln,Nordrhein-Westfalen
51127,Köln,Nordrhein-Westfalen
51128,Köln,Nordrhein-Westfalen
51129,Köln,Nordrhein-Westfalen
51130,Köln,Nordrhein-Westfalen
51131,Köln,Nordrhein-Westfalen
51132,Köln,Nordrhein-Westfalen
51133,Köln,Nordrhein-Westfalen
51134,Köln,Nordrhein-Westfalen
51135,Köln,Nordrhein-Westfalen
51136,Köln,Nordrhein-Westfalen
51137,Köln,Nordrhein-Westfalen
51138,Köln,Nordrhein-Westfalen
51139,Köln,Nordrhein-Westfalen
51140,Köln,Nordrhein-Westfalen
51141,Köln,Nordrhein-Westfalen
51142,Köln,Nordrhein-Westfalen
51143,Köln,Nordrhein-Westfalen
51144,Köln,Nordrhein-Westfalen
51145,Köln,Nordrhein-Westfalen
51146,Köln,Nordrhein-Westfalen
51147,Köln,Nordrhein-Westfalen
51148,Köln,Nordrhein-Westfalen
51371,Leverkusen,Nordrhein-Westfalen
51372,Leverkusen,Nordrhein-Westfalen
51373,Leverkusen,Nordrhein-Westfalen
51374,Leverkusen,Nordrhein-Westfalen
51375,Leverkusen,Nordrhein-Westfalen
51376,Leverkusen,Nordrhein-Westfalen
51377,Leverkusen,Nordrhein-Westfalen
51378,Leverkusen,Nordrhein-Westfalen
51379,Leverkusen,Nordrhein-Westfalen
51380,Leverkusen,Nordrhein-Westfalen
52062,Aachen,Nordrhein-Westfalen
52063,Aachen,Nordrhein-Westfalen
52064,Aachen,Nordrhein-Westfalen
52065,Aachen,Nordrhein-Westfalen
52066,Aachen,Nordrhein-Westfalen
52067,Aachen,Nordrhein-Westfalen
52068,Aachen,Nordrhein-Westfalen
52069,Aachen,Nordrhein-Westfalen
52070,Aachen,Nordrhein-Westfalen
52071,Aachen,Nordrhein-Westfalen
52072,Aachen,Nordrhein-Westfalen
52073,Aachen,Nordrhein-Westfalen
52074,Aachen,Nordrhein-Westfalen
52075,Aachen,Nordrhein-Westfalen
52076,Aachen,Nordrhein-Westfalen
52077,Aachen,Nordrhein-Westfalen
52078,Aachen,Nordrhein-Westfalen
52079,Aachen,Nordrhein-Westfalen
53111,Bonn,Nordrhein-Westfalen
53112,Bonn,Nordrhein-Westfalen
53113,Bonn,Nordrhein-Westfalen
53114,Bonn,Nordrhein-Westfalen
53115,Bonn,Nordrhein-Westfalen
53116,Bonn,Nordrhein-Westfalen
53117,Bonn,Nordrhein-Westfalen
53118,Bonn,Nordrhein-Westfalen
53119,Bonn,Nordrhein-Westfalen
53120,Bonn,Nordrhein-Westfalen
53121,Bonn,Nordrhein-Westfalen
53122,Bonn,Nordrhein-Westfalen
53123,Bonn,Nordrhein-Westfalen
53124,Bonn,Nordrhein-Westfalen
53125,Bonn,Nordrhein-Westfalen
53126,Bonn,Nordrhein-Westfalen
53127,Bonn,Nordrhein-Westfalen
53128,Bonn,Nordrhein-Westfalen
53173,Bonn,Nordrhein-Westfalen
53174,Bonn,Nordrhein-Westfalen
53175,Bonn,Nordrhein-Westfalen
53176,Bonn,Nordrhein-Westfalen
53177,Bonn,Nordrhein-Westfalen
53178,Bonn,Nordrhein-Westfalen
53179,Bonn,Nordrhein-Westfalen
53180,Bonn,Nordrhein-Westfalen
53181,Bonn,Nordrhein-Westfalen
53182,Bonn,Nordrhein-Westfalen
53183,Bonn,Nordrhein-Westfalen
53184,Bonn,Nordrhein-Westfalen
53185,Bonn,Nordrhein-Westfalen
53186,Bonn,Nordrhein-Westfalen
53187,Bonn,Nordrhein-Westfalen
53188,Bonn,Nordrhein-Westfalen
53189,Bonn,Nordrhein-Westfalen
53190,Bonn,Nordrhein-Westfalen
53191,Bonn,Nordrhein-Westfalen
53192,Bonn,Nordrhein-Westfalen
53193,Bonn,Nordrhein-Westfalen
53194,Bonn,Nordrhein-Westfalen
53195,Bonn,Nordrhein-Westfalen
53196,Bonn,Nordrhein-Westfalen
53197,Bonn,Nordrhein-Westfalen
53198,Bonn,Nordrhein-Westfalen
53199,Bonn,Nordrhein-Westfalen
53200,Bonn,Nordrhein-Westfalen
53201,Bonn,Nordrhein-Westfalen
53202,Bonn,Nordrhein-Westfalen
53203,Bonn,Nordrhein-Westfalen
53204,Bonn,Nordrhein-Westfalen
53205,Bonn,Nordrhein-Westfalen
53206,Bonn,Nordrhein-Westfalen
53207,Bonn,Nordrhein-Westfalen
53208,Bonn,Nordrhein-Westfalen
53209,Bonn,Nordrhein-Westfalen
53210,Bonn,Nordrhein-Westfalen
53211,Bonn,Nordrhein-Westfalen
53212,Bonn,Nordrhein-Westfalen
53213,Bonn,Nordrhein-Westfalen
53214,Bonn,Nordrhein-Westfalen
53215,Bonn,Nordrhein-Westfalen
53216,Bonn,Nordrhein-Westfalen
53217,Bonn,Nordrhein-Westfalen
53218,Bonn,Nordrhein-Westfalen
53219,Bonn,Nordrhein-Westfalen
53220,Bonn,Nordrhein-Westfalen
53221,Bonn,Nordrhein-Westfalen
53222,Bonn,Nordrhein-Westfalen
53223,Bonn,Nordrhein-Westfalen
53224,Bonn,Nordrhein-Westfalen
53225,Bonn,Nordrhein-Westfalen
53226,Bonn,Nordrhein-Westfalen
53227,Bonn,Nordrhein-Westfalen
53228,Bonn,Nordrhein-Westfalen
55116,Mainz,Rheinland-Pfalz
55117,Mainz,Rheinland-Pfalz
55118,Mainz,Rheinland-Pfalz
55119,Mainz,Rheinland-Pfalz
55120,Mainz,Rheinland-Pfalz
55121,Mainz,Rheinland-Pfalz
55122,Mainz,Rheinland-Pfalz
55123,Mainz,Rheinland-Pfalz
55124,Mainz,Rheinland-Pfalz
55125,Mainz,Rheinland-Pfalz
55126,Mainz,Rheinland-Pfalz
55127,Mainz,Rheinland-Pfalz
55128,Mainz,Rheinland-Pfalz
55129,Mainz,Rheinland-Pfalz
55130,Mainz,Rheinland-Pfalz
60306,Frankfurt am Main,Hessen
60307,Frankfurt am Main,Hessen
60308,Frankfurt am Main,Hessen
60309,Frankfurt am Main,Hessen
60310,Frankfurt am Main,Hessen
60311,Frankfurt am Main,Hessen
60312,Frankfurt am Main,Hessen
60313,Frankfurt am Main,Hessen
60314,Frankfurt am Main,Hessen
60315,Frankfurt am Main,Hessen
60316,Frankfurt am Main,Hessen
60317,Frankfurt am Main,Hessen
60318,Frankfurt am Main,Hessen
60319,Frankfurt am Main,Hessen
60320,Frankfurt am Main,Hessen
60321,Frankfurt am Main,Hessen
60322,Frankfurt am Main,Hessen
60323,Frankfurt am Main,Hessen
60324,Frankfurt am Main,Hessen
60325,Frankfurt am Main,Hessen
60326,Frankfurt am Main,Hessen
60327,Frankfurt am Main,Hessen
60328,Frankfurt am Main,Hessen
60329,Frankfurt am Main,Hessen
60330,Frankfurt am Main,Hessen
60331,Frankfurt am Main,Hessen
60332,Frankfurt am Main,Hessen
60333,Frankfurt am Main,Hessen
60334,Frankfurt am Main,Hessen
60335,Frankfurt am Main,Hessen
60336,Frankfurt am Main,Hessen
60337,Frankfurt am Main,Hessen
60338,Frankfurt am Main,Hessen
60339,Frankfurt am Main,Hessen
60340,Frankfurt am Main,Hessen
60341,Frankfurt am Main,Hessen
60342,Frankfurt am Main,Hessen
60343,Frankfurt am Main,Hessen
60344,Frankfurt am Main,Hessen
60345,Frankfurt am Main,Hessen
60346,Frankfurt am Main,Hessen
60347,Frankfurt am Main,Hessen
60348,Frankfurt am Main,Hessen
60349,Frankfurt am Main,Hessen
60350,Frankfurt am Main,Hessen
60351,Frankfurt am Main,Hessen
60352,Frankfurt am Main,Hessen
60353,Frankfurt am Main,Hessen
60354,Frankfurt am Main,Hessen
60355,Frankfurt am Main,Hessen
60356,Frankfurt am Main,Hessen
60357,Frankfurt am Main,Hessen
60358,Frankfurt am Main,Hessen
60359,Frankfurt am Main,Hessen
60360,Frankfurt am Main,Hessen
60361,Frankfurt am Main,Hessen
60362,Frankfurt am Main,Hessen
60363,Frankfurt am Main,Hessen
60364,Frankfurt am Main,Hessen
60365,Frankfurt am Main,Hessen
60366,Frankfurt am Main,Hessen
60367,Frankfurt am Main,Hessen
60368,Frankfurt am Main,Hessen
60369,Frankfurt am Main,Hessen
60370,Frankfurt am Main,Hessen
60371,Frankfurt am Main,Hessen
60372,Frankfurt am Main,Hessen
60373,Frankfurt am Main,Hessen
60374,Frankfurt am Main,Hessen
60375,Frankfurt am Main,Hessen
60376,Frankfurt am Main,Hessen
60377,Frankfurt am Main,Hessen
60378,Frankfurt am Main,Hessen
60379,Frankfurt am Main,Hessen
60380,Frankfurt am Main,Hessen
60381,Frankfurt am Main,Hessen
60382,Frankfurt am Main,Hessen
60383,Frankfurt am Main,Hessen
60384,Frankfurt am Main,Hessen
60385,Frankfurt am Main,Hessen
60386,Frankfurt am Main,Hessen
60387,Frankfurt am Main,Hessen
60388,Frankfurt am Main,Hessen
60389,Frankfurt am Main,Hessen
60390,Frankfurt am Main,Hessen
60391,Frankfurt am Main,Hessen
60392,Frankfurt am Main,Hessen
60393,Frankfurt am Main,Hessen
60394,Frankfurt am Main,Hessen
60395,Frankfurt am Main,Hessen
60396,Frankfurt am Main,Hessen
60397,Frankfurt am Main,Hessen
60398,Frankfurt am Main,Hessen
60399,Frankfurt am Main,Hessen
60400,Frankfurt am Main,Hessen
60401,Frankfurt am Main,Hessen
60402,Frankfurt am Main,Hessen
60403,Frankfurt am Main,Hessen
60404,Frankfurt am Main,Hessen
60405,Frankfurt am Main,Hessen
60406,Frankfurt am Main,Hessen
60407,Frankfurt am Main,Hessen
60408,Frankfurt am Main,Hessen
60409,Frankfurt am Main,Hessen
60410,Frankfurt am Main,Hessen
60411,Frankfurt am Main,Hessen
60412,Frankfurt am Main,Hessen
60413,Frankfurt am Main,Hessen
60414,Frankfurt am Main,Hessen
60415,Frankfurt am Main,Hessen
60416,Frankfurt am Main,Hessen
60417,Frankfurt am Main,Hessen
60418,Frankfurt am Main,Hessen
60419,Frankfurt am Main,Hessen
60420,Frankfurt am Main,Hessen
60421,Frankfurt am Main,Hessen
60422,Frankfurt am Main,Hessen
60423,Frankfurt am Main,Hessen
60424,Frankfurt am Main,Hessen
60425,Frankfurt am Main,Hessen
60426,Frankfurt am Main,Hessen
60427,Frankfurt am Main,Hessen
60428,Frankfurt am Main,Hessen
60429,Frankfurt am Main,Hessen
60430,Frankfurt am Main,Hessen
60431,Frankfurt am Main,Hessen
60432,Frankfurt am Main,Hessen
60433,Frankfurt am Main,Hessen
60434,Frankfurt am Main,Hessen
60435,Frankfurt am Main,Hessen
60436,Frankfurt am Main,Hessen
60437,Frankfurt am Main,Hessen
60438,Frankfurt am Main,Hessen
60439,Frankfurt am Main,Hessen
60440,Frankfurt am Main,Hessen
60441,Frankfurt am Main,Hessen
60442,Frankfurt am Main,Hessen
60443,Frankfurt am Main,Hessen
60444,Frankfurt am Main,Hessen
60445,Frankfurt am Main,Hessen
60446,Frankfurt am Main,Hessen
60447,Frankfurt am Main,Hessen
60448,Frankfurt am Main,Hessen
60449,Frankfurt am Main,Hessen
60450,Frankfurt am Main,Hessen
60451,Frankfurt am Main,Hessen
60452,Frankfurt am Main,Hessen
60453,Frankfurt am Main,Hessen
60454,Frankfurt am Main,Hessen
60455,Frankfurt am Main,Hessen
60456,Frankfurt am Main,Hessen
60457,Frankfurt am Main,Hessen
60458,Frankfurt am Main,Hessen
60459,Frankfurt am Main,Hessen
60460,Frankfurt am Main,Hessen
60461,Frankfurt am Main,Hessen
60462,Frankfurt am Main,Hessen
60463,Frankfurt am Main,Hessen
60464,Frankfurt am Main,Hessen
60465,Frankfurt am Main,Hessen
60466,Frankfurt am Main,Hessen
60467,Frankfurt am Main,Hessen
60468,Frankfurt am Main,Hessen
60469,Frankfurt am Main,Hessen
60470,Frankfurt am Main,Hessen
60471,Frankfurt am Main,Hessen
60472,Frankfurt am Main,Hessen
60473,Frankfurt am Main,Hessen
60474,Frankfurt am Main,Hessen
60475,Frankfurt am Main,Hessen
60476,Frankfurt am Main,Hessen
60477,Frankfurt am Main,Hessen
60478,Frankfurt am Main,Hessen
60479,Frankfurt am Main,Hessen
60480,Frankfurt am Main,Hessen
60481,Frankfurt am Main,Hessen
60482,Frankfurt am Main,Hessen
60483,Frankfurt am Main,Hessen
60484,Frankfurt am Main,Hessen
60485,Frankfurt am Main,Hessen
60486,Frankfurt am Main,Hessen
60487,Frankfurt am Main,Hessen
60488,Frankfurt am Main,Hessen
60489,Frankfurt am Main,Hessen
60490,Frankfurt am Main,Hessen
60491,Frankfurt am Main,Hessen
60492,Frankfurt am Main,Hessen
60493,Frankfurt am Main,Hessen
60494,Frankfurt am Main,Hessen
60495,Frankfurt am Main,Hessen
60496,Frankfurt am Main,Hessen
60497,Frankfurt am Main,Hessen
60498,Frankfurt am Main,Hessen
60499,Frankfurt am Main,Hessen
60500,Frankfurt am Main,Hessen
60501,Frankfurt am Main,Hessen
60502,Frankfurt am Main,Hessen
60503,Frankfurt am Main,Hessen
60504,Frankfurt am Main,Hessen
60505,Frankfurt am Main,Hessen
60506,Frankfurt am Main,Hessen
60507,Frankfurt am Main,Hessen
60508,Frankfurt am Main,Hessen
60509,Frankfurt am Main,Hessen
60510,Frankfurt am Main,Hessen
60511,Frankfurt am Main,Hessen
60512,Frankfurt am Main,Hessen
60513,Frankfurt am Main,Hessen
60514,Frankfurt am Main,Hessen
60515,Frankfurt am Main,Hessen
60516,Frankfurt am Main,Hessen
60517,Frankfurt am Main,Hessen
60518,Frankfurt am Main,Hessen
60519,Frankfurt am Main,Hessen
60520,Frankfurt am Main,Hessen
60521,Frankfurt am Main,Hessen
60522,Frankfurt am Main,Hessen
60523,Frankfurt am Main,Hessen
60524,Frankfurt am Main,Hessen
60525,Frankfurt am Main,Hessen
60526,Frankfurt am Main,Hessen
60527,Frankfurt am Main,Hessen
60528,Frankfurt am Main,Hessen
60529,Frankfurt am Main,Hessen
60530,Frankfurt am Main,Hessen
60531,Frankfurt am Main,Hessen
60532,Frankfurt am Main,Hessen
60533,Frankfurt am Main,Hessen
60534,Frankfurt am Main,Hessen
60535,Frankfurt am Main,Hessen
60536,Frankfurt am Main,Hessen
60537,Frankfurt am Main,Hessen
60538,Frankfurt am Main,Hessen
60539,Frankfurt am Main,Hessen
60540,Frankfurt am Main,Hessen
60541,Frankfurt am Main,Hessen
60542,Frankfurt am Main,Hessen
60543,Frankfurt am Main,Hessen
60544,Frankfurt am Main,Hessen
60545,Frankfurt am Main,Hessen
60546,Frankfurt am Main,Hessen
60547,Frankfurt am Main,Hessen
60548,Frankfurt am Main,Hessen
60549,Frankfurt am Main,Hessen
60550,Frankfurt am Main,Hessen
60551,Frankfurt am Main,Hessen
60552,Frankfurt am Main,Hessen
60553,Frankfurt am Main,Hessen
60554,Frankfurt am Main,Hessen
60555,Frankfurt am Main,Hessen
60556,Frankfurt am Main,Hessen
60557,Frankfurt am Main,Hessen
60558,Frankfurt am Main,Hessen
60559,Frankfurt am Main,Hessen
60560,Frankfurt am Main,Hessen
60561,Frankfurt am Main,Hessen
60562,Frankfurt am Main,Hessen
60563,Frankfurt am Main,Hessen
60564,Frankfurt am Main,Hessen
60565,Frankfurt am Main,Hessen
60566,Frankfurt am Main,Hessen
60567,Frankfurt am Main,Hessen
60568,Frankfurt am Main,Hessen
60569,Frankfurt am Main,Hessen
60570,Frankfurt am Main,Hessen
60571,Frankfurt am Main,Hessen
60572,Frankfurt am Main,Hessen
60573,Frankfurt am Main,Hessen
60574,Frankfurt am Main,Hessen
60575,Frankfurt am Main,Hessen
60576,Frankfurt am Main,Hessen
60577,Frankfurt am Main,Hessen
60578,Frankfurt am Main,Hessen
60579,Frankfurt am Main,Hessen
60580,Frankfurt am Main,Hessen
60581,Frankfurt am Main,Hessen
60582,Frankfurt am Main,Hessen
60583,Frankfurt am Main,Hessen
60584,Frankfurt am Main,Hessen
60585,Frankfurt am Main,Hessen
60586,Frankfurt am Main,Hessen
60587,Frankfurt am Main,Hessen
60588,Frankfurt am Main,Hessen
60589,Frankfurt am Main,Hessen
60590,Frankfurt am Main,Hessen
60591,Frankfurt am Main,Hessen
60592,Frankfurt am Main,Hessen
60593,Frankfurt am Main,Hessen
60594,Frankfurt am Main,Hessen
60595,Frankfurt am Main,Hessen
60596,Frankfurt am Main,Hessen
60597,Frankfurt am Main,Hessen
60598,Frankfurt am Main,Hessen
63065,Offenbach am Main,Hessen
63066,Offenbach am Main,Hessen
63067,Offenbach am Main,Hessen
63068,Offenbach am Main,Hessen
63069,Offenbach am Main,Hessen
63070,Offenbach am Main,Hessen
63071,Offenbach am Main,Hessen
63072,Offenbach am Main,Hessen
63073,Offenbach am Main,Hessen
63074,Offenbach am Main,Hessen
64283,Darmstadt,Hessen
64284,Darmstadt,Hessen
64285,Darmstadt,Hessen
64286,Darmstadt,Hessen
64287,Darmstadt,Hessen
64288,Darmstadt,Hessen
64289,Darmstadt,Hessen
64290,Darmstadt,Hessen
64291,Darmstadt,Hessen
64292,Darmstadt,Hessen
64293,Darmstadt,Hessen
64294,Darmstadt,Hessen
64295,Darmstadt,Hessen
64296,Darmstadt,Hessen
65183,Wiesbaden,Hessen
65184,Wiesbaden,Hessen
65185,Wiesbaden,Hessen
65186,Wiesbaden,Hessen
65187,Wiesbaden,Hessen
65188,Wiesbaden,Hessen
65189,Wiesbaden,Hessen
65190,Wiesbaden,Hessen
65191,Wiesbaden,Hessen
65192,Wiesbaden,Hessen
65193,Wiesbaden,Hessen
65194,Wiesbaden,Hessen
65195,Wiesbaden,Hessen
65196,Wiesbaden,Hessen
65197,Wiesbaden,Hessen
65198,Wiesbaden,Hessen
65199,Wiesbaden,Hessen
65200,Wiesbaden,Hessen
65201,Wiesbaden,Hessen
65202,Wiesbaden,Hessen
65203,Wiesbaden,Hessen
65204,Wiesbaden,Hessen
65205,Wiesbaden,Hessen
65206,Wiesbaden,Hessen
66111,Saarbrücken,Saarland
66112,Saarbrücken,Saarland
66113,Saarbrücken,Saarland
66114,Saarbrücken,Saarland
66115,Saarbrücken,Saarland
66116,Saarbrücken,Saarland
66117,Saarbrücken,Saarland
66118,Saarbrücken,Saarland
66119,Saarbrücken,Saarland
66120,Saarbrücken,Saarland
66121,Saarbrücken,Saarland
66122,Saarbrücken,Saarland
66123,Saarbrücken,Saarland
66124,Saarbrücken,Saarland
66125,Saarbrücken,Saarland
66126,Saarbrücken,Saarland
66127,Saarbrücken,Saarland
66128,Saarbrücken,Saarland
66129,Saarbrücken,Saarland
66130,Saarbrücken,Saarland
66131,Saarbrücken,Saarland
66132,Saarbrücken,Saarland
67059,Ludwigshafen,Rheinland-Pfalz
67060,Ludwigshafen,Rheinland-Pfalz
67061,Ludwigshafen,Rheinland-Pfalz
67062,Ludwigshafen,Rheinland-Pfalz
67063,Ludwigshafen,Rheinland-Pfalz
67064,Ludwigshafen,Rheinland-Pfalz
67065,Ludwigshafen,Rheinland-Pfalz
67066,Ludwigshafen,Rheinland-Pfalz
67067,Ludwigshafen,Rheinland-Pfalz
67068,Ludwigshafen,Rheinland-Pfalz
67069,Ludwigshafen,Rheinland-Pfalz
67070,Ludwigshafen,Rheinland-Pfalz
67655,Kaiserslautern,Rheinland-Pfalz
67656,Kaiserslautern,Rheinland-Pfalz
67657,Kaiserslautern,Rheinland-Pfalz
67658,Kaiserslautern,Rheinland-Pfalz
67659,Kaiserslautern,Rheinland-Pfalz
67660,Kaiserslautern,Rheinland-Pfalz
67661,Kaiserslautern,Rheinland-Pfalz
67662,Kaiserslautern,Rheinland-Pfalz
68159,Mannheim,Baden-Württemberg
68160,Mannheim,Baden-Württemberg
68161,Mannheim,Baden-Württemberg
68162,Mannheim,Baden-Württemberg
68163,Mannheim,Baden-Württemberg
68164,Mannheim,Baden-Württemberg
68165,Mannheim,Baden-Württemberg
68166,Mannheim,Baden-Württemberg
68167,Mannheim,Baden-Württemberg
68168,Mannheim,Baden-Württemberg
68169,Mannheim,Baden-Württemberg
68170,Mannheim,Baden-Württemberg
68171,Mannheim,Baden-Württemberg
68172,Mannheim,Baden-Württemberg
68173,Mannheim,Baden-Württemberg
68174,Mannheim,Baden-Württemberg
68175,Mannheim,Baden-Württemberg
68176,Mannheim,Baden-Württemberg
68177,Mannheim,Baden-Württemberg
68178,Mannheim,Baden-Württemberg
68179,Mannheim,Baden-Württemberg
68180,Mannheim,Baden-Württemberg
68181,Mannheim,Baden-Württemberg
68182,Mannheim,Baden-Württemberg
68183,Mannheim,Baden-Württemberg
68184,Mannheim,Baden-Württemberg
68185,Mannheim,Baden-Württemberg
68186,Mannheim,Baden-Württemberg
68187,Mannheim,Baden-Württemberg
68188,Mannheim,Baden-Württemberg
68189,Mannheim,Baden-Württemberg
68190,Mannheim,Baden-Württemberg
68191,Mannheim,Baden-Württemberg
68192,Mannheim,Baden-Württemberg
68193,Mannheim,Baden-Württemberg
68194,Mannheim,Baden-Württemberg
68195,Mannheim,Baden-Württemberg
68196,Mannheim,Baden-Württemberg
68197,Mannheim,Baden-Württemberg
68198,Mannheim,Baden-Württemberg
68199,Mannheim,Baden-Württemberg
68200,Mannheim,Baden-Württemberg
68201,Mannheim,Baden-Württemberg
68202,Mannheim,Baden-Württemberg
68203,Mannheim,Baden-Württemberg
68204,Mannheim,Baden-Württemberg
68205,Mannheim,Baden-Württemberg
68206,Mannheim,Baden-Württemberg
68207,Mannheim,Baden-Württemberg
68208,Mannheim,Baden-Württemberg
68209,Mannheim,Baden-Württemberg
68210,Mannheim,Baden-Württemberg
68211,Mannheim,Baden-Württemberg
68212,Mannheim,Baden-Württemberg
68213,Mannheim,Baden-Württemberg
68214,Mannheim,Baden-Württemberg
68215,Mannheim,Baden-Württemberg
68216,Mannheim,Baden-Württemberg
68217,Mannheim,Baden-Württemberg
68218,Mannheim,Baden-Württemberg
68219,Mannheim,Baden-Württemberg
68220,Mannheim,Baden-Württemberg
68221,Mannheim,Baden-Württemberg
68222,Mannheim,Baden-Württemberg
68223,Mannheim,Baden-Württemberg
68224,Mannheim,Baden-Württemberg
68225,Mannheim,Baden-Württemberg
68226,Mannheim,Baden-Württemberg
68227,Mannheim,Baden-Württemberg
68228,Mannheim,Baden-Württemberg
68229,Mannheim,Baden-Württemberg
68230,Mannheim,Baden-Württemberg
68231,Mannheim,Baden-Württemberg
68232,Mannheim,Baden-Württemberg
68233,Mannheim,Baden-Württemberg
68234,Mannheim,Baden-Württemberg
68235,Mannheim,Baden-Württemberg
68236,Mannheim,Baden-Württemberg
68237,Mannheim,Baden-Württemberg
68238,Mannheim,Baden-Württemberg
68239,Mannheim,Baden-Württemberg
68240,Mannheim,Baden-Württemberg
68241,Mannheim,Baden-Württemberg
68242,Mannheim,Baden-Württemberg
68243,Mannheim,Baden-Württemberg
68244,Mannheim,Baden-Württemberg
68245,Mannheim,Baden-Württemberg
68246,Mannheim,Baden-Württemberg
68247,Mannheim,Baden-Württemberg
68248,Mannheim,Baden-Württemberg
68249,Mannheim,Baden-Württemberg
68250,Mannheim,Baden-Württemberg
68251,Mannheim,Baden-Württemberg
68252,Mannheim,Baden-Württemberg
68253,Mannheim,Baden-Württemberg
68254,Mannheim,Baden-Württemberg
68255,Mannheim,Baden-Württemberg
68256,Mannheim,Baden-Württemberg
68257,Mannheim,Baden-Württemberg
68258,Mannheim,Baden-Württemberg
68259,Mannheim,Baden-Württemberg
68260,Mannheim,Baden-Württemberg
68261,Mannheim,Baden-Württemberg
68262,Mannheim,Baden-Württemberg
68263,Mannheim,Baden-Württemberg
68264,Mannheim,Baden-Württemberg
68265,Mannheim,Baden-Württemberg
68266,Mannheim,Baden-Württemberg
68267,Mannheim,Baden-Württemberg
68268,Mannheim,Baden-Württemberg
68269,Mannheim,Baden-Württemberg
68270,Mannheim,Baden-Württemberg
68271,Mannheim,Baden-Württemberg
68272,Mannheim,Baden-Württemberg
68273,Mannheim,Baden-Württemberg
68274,Mannheim,Baden-Württemberg
68275,Mannheim,Baden-Württemberg
68276,Mannheim,Baden-Württemberg
68277,Mannheim,Baden-Württemberg
68278,Mannheim,Baden-Württemberg
68279,Mannheim,Baden-Württemberg
68280,Mannheim,Baden-Württemberg
68281,Mannheim,Baden-Württemberg
68282,Mannheim,Baden-Württemberg
68283,Mannheim,Baden-Württemberg
68284,Mannheim,Baden-Württemberg
68285,Mannheim,Baden-Württemberg
68286,Mannheim,Baden-Württemberg
68287,Mannheim,Baden-Württemberg
68288,Mannheim,Baden-Württemberg
68289,Mannheim,Baden-Württemberg
68290,Mannheim,Baden-Württemberg
68291,Mannheim,Baden-Württemberg
68292,Mannheim,Baden-Württemberg
68293,Mannheim,Baden-Württemberg
68294,Mannheim,Baden-Württemberg
68295,Mannheim,Baden-Württemberg
68296,Mannheim,Baden-Württemberg
68297,Mannheim,Baden-Württemberg
68298,Mannheim,Baden-Württemberg
68299,Mannheim,Baden-Württemberg
68300,Mannheim,Baden-Württemberg
68301,Mannheim,Baden-Württemberg
68302,Mannheim,Baden-Württemberg
68303,Mannheim,Baden-Württemberg
68304,Mannheim,Baden-Württemberg
68305,Mannheim,Baden-Württemberg
68306,Mannheim,Baden-Württemberg
68307,Mannheim,Baden-Württemberg
68308,Mannheim,Baden-Württemberg
69115,Heidelberg,Baden-Württemberg
69116,Heidelberg,Baden-Württemberg
69117,Heidelberg,Baden-Württemberg
69118,Heidelberg,Baden-Württemberg
69119,Heidelberg,Baden-Württemberg
69120,Heidelberg,Baden-Württemberg
69121,Heidelberg,Baden-Württemberg
69122,Heidelberg,Baden-Württemberg
69123,Heidelberg,Baden-Württemberg
69124,Heidelberg,Baden-Württemberg
69125,Heidelberg,Baden-Württemberg
